file,class,method,constructor,line,cbo,cboModified,fanin,fanout,wmc,rfc,loc,returnsQty,variablesQty,parametersQty,methodsInvokedQty,methodsInvokedLocalQty,methodsInvokedIndirectLocalQty,loopQty,comparisonsQty,tryCatchQty,parenthesizedExpsQty,stringLiteralsQty,numbersQty,assignmentsQty,mathOperationsQty,maxNestedBlocksQty,anonymousClassesQty,innerClassesQty,lambdasQty,uniqueWordsQty,modifiers,logStatementsQty,hasJavaDoc
/Users/danielogenrwot/Documents/Projects/roles-smells-metrics/src/bin/../../data/SourceProjects/Mobile/Telecine-1.6.2/telecine/src/main/java/com/jakewharton/telecine/OverlayView.java,com.jakewharton.telecine.OverlayView$Anonymous1,run/0,false,132,1,6,0,6,1,1,3,0,0,0,1,0,0,0,0,0,0,0,0,0,0,0,0,0,0,1,1,0,false
/Users/danielogenrwot/Documents/Projects/roles-smells-metrics/src/bin/../../data/SourceProjects/Mobile/Telecine-1.6.2/telecine/src/main/java/com/jakewharton/telecine/TelecineService.java,com.jakewharton.telecine.TelecineService,"onStartCommand/3[com.jakewharton.telecine.Intent,int,int]",false,80,5,4,0,4,4,7,17,2,2,3,7,0,0,0,2,0,1,3,2,4,0,1,0,0,0,38,1,0,false
/Users/danielogenrwot/Documents/Projects/roles-smells-metrics/src/bin/../../data/SourceProjects/Mobile/Telecine-1.6.2/telecine/src/main/java/com/jakewharton/telecine/TelecineService.java,com.jakewharton.telecine.TelecineService,onBind/1[com.jakewharton.telecine.Intent],false,109,3,0,0,0,1,0,3,0,0,1,0,0,0,0,0,0,0,1,0,0,0,0,0,0,0,8,1,0,false
/Users/danielogenrwot/Documents/Projects/roles-smells-metrics/src/bin/../../data/SourceProjects/Mobile/Telecine-1.6.2/telecine/src/main/java/com/jakewharton/telecine/TelecineService.java,com.jakewharton.telecine.TelecineService,"newIntent/3[com.jakewharton.telecine.Context,int,com.jakewharton.telecine.Intent]",false,24,3,1,1,0,1,1,6,1,1,3,1,0,0,0,0,0,0,0,0,1,0,0,0,0,0,5,8,0,false
/Users/danielogenrwot/Documents/Projects/roles-smells-metrics/src/bin/../../data/SourceProjects/Mobile/Telecine-1.6.2/telecine/src/main/java/com/jakewharton/telecine/TelecineService.java,com.jakewharton.telecine.TelecineService,onDestroy/0,false,104,1,1,0,1,1,2,4,0,0,0,2,0,0,0,0,0,0,0,0,0,0,0,0,0,0,2,1,0,false
/Users/danielogenrwot/Documents/Projects/roles-smells-metrics/src/bin/../../data/SourceProjects/Mobile/Telecine-1.6.2/telecine/src/main/java/com/jakewharton/telecine/TelecineService.java,com.jakewharton.telecine.TelecineService$Anonymous1,onEnd/0,false,74,0,0,0,0,1,2,4,0,0,0,2,0,0,0,0,0,0,1,0,0,0,0,0,0,0,4,1,0,false
/Users/danielogenrwot/Documents/Projects/roles-smells-metrics/src/bin/../../data/SourceProjects/Mobile/Telecine-1.6.2/telecine/src/main/java/com/jakewharton/telecine/TelecineService.java,com.jakewharton.telecine.TelecineService$Anonymous1,onStop/0,false,68,0,1,0,1,2,2,5,0,0,0,2,0,0,0,0,0,0,0,1,0,0,1,0,0,0,2,1,0,false
/Users/danielogenrwot/Documents/Projects/roles-smells-metrics/src/bin/../../data/SourceProjects/Mobile/Telecine-1.6.2/telecine/src/main/java/com/jakewharton/telecine/TelecineService.java,com.jakewharton.telecine.TelecineService$Anonymous1,onStart/0,false,43,2,1,0,1,3,15,14,1,4,0,15,0,0,0,0,0,0,1,1,4,0,1,0,0,0,28,1,0,false
/Users/danielogenrwot/Documents/Projects/roles-smells-metrics/src/bin/../../data/SourceProjects/Mobile/Telecine-1.6.2/telecine/src/main/java/com/jakewharton/telecine/RecordingSession.java,com.jakewharton.telecine.RecordingSession$Anonymous1,onResize/0,false,132,0,0,0,0,1,2,3,0,0,0,2,0,0,0,0,0,0,0,0,0,0,0,0,0,0,2,1,0,false
/Users/danielogenrwot/Documents/Projects/roles-smells-metrics/src/bin/../../data/SourceProjects/Mobile/Telecine-1.6.2/telecine/src/main/java/com/jakewharton/telecine/RecordingSession.java,com.jakewharton.telecine.RecordingSession$Anonymous1,onStop/0,false,128,1,1,0,1,1,1,3,0,0,0,1,0,0,0,0,0,0,0,0,0,0,0,0,0,0,4,1,0,false
/Users/danielogenrwot/Documents/Projects/roles-smells-metrics/src/bin/../../data/SourceProjects/Mobile/Telecine-1.6.2/telecine/src/main/java/com/jakewharton/telecine/RecordingSession.java,com.jakewharton.telecine.RecordingSession$Anonymous1,onCancel/0,false,120,1,1,0,1,1,1,3,0,0,0,1,0,0,0,0,0,0,0,0,0,0,0,0,0,0,4,1,0,false
/Users/danielogenrwot/Documents/Projects/roles-smells-metrics/src/bin/../../data/SourceProjects/Mobile/Telecine-1.6.2/telecine/src/main/java/com/jakewharton/telecine/RecordingSession.java,com.jakewharton.telecine.RecordingSession$Anonymous1,onStart/0,false,124,1,1,0,1,1,1,3,0,0,0,1,0,0,0,0,0,0,0,0,0,0,0,0,0,0,4,1,0,false
/Users/danielogenrwot/Documents/Projects/roles-smells-metrics/src/bin/../../data/SourceProjects/Mobile/Telecine-1.6.2/telecine/src/main/java/com/jakewharton/telecine/RecordingSession.java,com.jakewharton.telecine.RecordingSession$Anonymous2,"onScanCompleted/2[java.lang.String,com.jakewharton.telecine.Uri]",false,297,1,1,0,1,2,2,10,0,0,2,2,0,0,0,1,0,0,2,0,0,0,1,1,0,0,14,1,0,false
/Users/danielogenrwot/Documents/Projects/roles-smells-metrics/src/bin/../../data/SourceProjects/Mobile/Telecine-1.6.2/telecine/src/main/java/com/jakewharton/telecine/VideoSizePercentageAdapter.java,com.jakewharton.telecine.VideoSizePercentageAdapter,"getView/3[int,com.jakewharton.telecine.View,com.jakewharton.telecine.ViewGroup]",false,44,5,1,0,1,2,4,8,1,1,3,4,1,1,0,1,0,0,1,0,2,1,1,0,0,0,10,1,0,false
/Users/danielogenrwot/Documents/Projects/roles-smells-metrics/src/bin/../../data/SourceProjects/Mobile/Telecine-1.6.2/telecine/src/main/java/com/jakewharton/telecine/VideoSizePercentageAdapter.java,com.jakewharton.telecine.VideoSizePercentageAdapter,getSelectedPosition/1[int],false,12,0,1,1,0,4,0,12,4,0,1,0,0,0,0,0,0,0,0,7,0,0,1,0,0,0,4,8,0,false
/Users/danielogenrwot/Documents/Projects/roles-smells-metrics/src/bin/../../data/SourceProjects/Mobile/Telecine-1.6.2/telecine/src/main/java/com/jakewharton/telecine/VideoSizePercentageAdapter.java,com.jakewharton.telecine.VideoSizePercentageAdapter,getItem/1[int],false,31,0,2,2,0,4,0,12,3,0,1,0,0,0,0,0,0,0,1,6,0,1,1,0,0,0,7,1,0,false
/Users/danielogenrwot/Documents/Projects/roles-smells-metrics/src/bin/../../data/SourceProjects/Mobile/Telecine-1.6.2/telecine/src/main/java/com/jakewharton/telecine/VideoSizePercentageAdapter.java,com.jakewharton.telecine.VideoSizePercentageAdapter,getItemId/1[int],false,40,0,0,0,0,1,0,3,1,0,1,0,0,0,0,0,0,0,0,0,0,0,0,0,0,0,4,1,0,false
/Users/danielogenrwot/Documents/Projects/roles-smells-metrics/src/bin/../../data/SourceProjects/Mobile/Telecine-1.6.2/telecine/src/main/java/com/jakewharton/telecine/VideoSizePercentageAdapter.java,com.jakewharton.telecine.VideoSizePercentageAdapter,VideoSizePercentageAdapter/1[com.jakewharton.telecine.Context],true,23,1,1,1,0,1,1,3,0,0,1,1,0,0,0,0,0,0,0,0,1,0,0,0,0,0,7,0,0,false
/Users/danielogenrwot/Documents/Projects/roles-smells-metrics/src/bin/../../data/SourceProjects/Mobile/Telecine-1.6.2/telecine/src/main/java/com/jakewharton/telecine/VideoSizePercentageAdapter.java,com.jakewharton.telecine.VideoSizePercentageAdapter,getCount/0,false,27,0,0,0,0,1,0,3,1,0,0,0,0,0,0,0,0,0,0,1,0,0,0,0,0,0,2,1,0,false
/Users/danielogenrwot/Documents/Projects/roles-smells-metrics/src/bin/../../data/SourceProjects/Mobile/Telecine-1.6.2/telecine/src/main/java/com/jakewharton/telecine/RecordingSession.java,com.jakewharton.telecine.RecordingSession$Anonymous4,doInBackground/1[java.lang.Void[]],false,358,3,0,0,0,1,2,5,1,1,1,2,0,0,0,0,0,0,0,0,1,0,0,0,0,0,9,4,0,false
/Users/danielogenrwot/Documents/Projects/roles-smells-metrics/src/bin/../../data/SourceProjects/Mobile/Telecine-1.6.2/telecine/src/main/java/com/jakewharton/telecine/RecordingSession.java,com.jakewharton.telecine.RecordingSession$Anonymous4,onPostExecute/1[com.jakewharton.telecine.Bitmap],false,364,4,2,0,2,2,2,8,0,0,1,2,0,0,0,1,0,0,0,0,0,0,1,0,0,0,8,4,0,false
/Users/danielogenrwot/Documents/Projects/roles-smells-metrics/src/bin/../../data/SourceProjects/Mobile/Telecine-1.6.2/telecine/src/main/java/com/jakewharton/telecine/TelecineModule.java,com.jakewharton.telecine.TelecineModule$Anonymous1,"send/1[java.util.Map<java.lang.String,java.lang.String>]",false,34,0,0,0,0,1,3,3,0,0,1,3,0,0,0,0,0,0,1,0,0,0,0,0,0,0,2,1,0,false
/Users/danielogenrwot/Documents/Projects/roles-smells-metrics/src/bin/../../data/SourceProjects/Mobile/Telecine-1.6.2/telecine/src/main/java/com/jakewharton/telecine/TelecineModule.java,com.jakewharton.telecine.TelecineModule,provideRecordingNotificationPreference/1[com.jakewharton.telecine.SharedPreferences],false,64,5,1,0,1,1,0,3,1,0,1,0,0,0,0,0,0,0,1,0,0,0,0,0,0,0,8,0,0,false
/Users/danielogenrwot/Documents/Projects/roles-smells-metrics/src/bin/../../data/SourceProjects/Mobile/Telecine-1.6.2/telecine/src/main/java/com/jakewharton/telecine/TelecineModule.java,com.jakewharton.telecine.TelecineModule,provideVideoSizePercentagePreference/1[com.jakewharton.telecine.SharedPreferences],false,88,5,1,0,1,1,0,3,1,0,1,0,0,0,0,0,0,0,1,0,0,0,0,0,0,0,9,0,0,false
/Users/danielogenrwot/Documents/Projects/roles-smells-metrics/src/bin/../../data/SourceProjects/Mobile/Telecine-1.6.2/telecine/src/main/java/com/jakewharton/telecine/TelecineModule.java,com.jakewharton.telecine.TelecineModule,provideShowTouchesPreference/1[com.jakewharton.telecine.SharedPreferences],false,79,5,1,0,1,1,0,3,1,0,1,0,0,0,0,0,0,0,1,0,0,0,0,0,0,0,8,0,0,false
/Users/danielogenrwot/Documents/Projects/roles-smells-metrics/src/bin/../../data/SourceProjects/Mobile/Telecine-1.6.2/telecine/src/main/java/com/jakewharton/telecine/TelecineModule.java,com.jakewharton.telecine.TelecineModule,provideContentResolver/0,false,46,3,0,0,0,1,1,3,1,0,0,1,0,0,0,0,0,0,0,0,0,0,0,0,0,0,3,0,0,false
/Users/danielogenrwot/Documents/Projects/roles-smells-metrics/src/bin/../../data/SourceProjects/Mobile/Telecine-1.6.2/telecine/src/main/java/com/jakewharton/telecine/TelecineModule.java,com.jakewharton.telecine.TelecineModule,provideHideFromRecentsPreference/1[com.jakewharton.telecine.SharedPreferences],false,74,5,1,0,1,1,0,3,1,0,1,0,0,0,0,0,0,0,1,0,0,0,0,0,0,0,10,0,0,false
/Users/danielogenrwot/Documents/Projects/roles-smells-metrics/src/bin/../../data/SourceProjects/Mobile/Telecine-1.6.2/telecine/src/main/java/com/jakewharton/telecine/TelecineModule.java,com.jakewharton.telecine.TelecineModule,TelecineModule/1[com.jakewharton.telecine.TelecineApplication],true,27,1,1,1,0,1,0,3,0,0,1,0,0,0,0,0,0,0,0,0,1,0,0,0,0,0,4,0,0,false
/Users/danielogenrwot/Documents/Projects/roles-smells-metrics/src/bin/../../data/SourceProjects/Mobile/Telecine-1.6.2/telecine/src/main/java/com/jakewharton/telecine/TelecineModule.java,com.jakewharton.telecine.TelecineModule,provideShowCountdown/1[com.jakewharton.telecine.BooleanPreference],false,59,3,1,0,1,1,1,3,1,0,1,1,0,0,0,0,0,0,0,0,0,0,0,0,0,0,6,0,0,false
/Users/danielogenrwot/Documents/Projects/roles-smells-metrics/src/bin/../../data/SourceProjects/Mobile/Telecine-1.6.2/telecine/src/main/java/com/jakewharton/telecine/TelecineModule.java,com.jakewharton.telecine.TelecineModule,provideRecordingNotification/1[com.jakewharton.telecine.BooleanPreference],false,69,3,1,0,1,1,1,3,1,0,1,1,0,0,0,0,0,0,0,0,0,0,0,0,0,0,6,0,0,false
/Users/danielogenrwot/Documents/Projects/roles-smells-metrics/src/bin/../../data/SourceProjects/Mobile/Telecine-1.6.2/telecine/src/main/java/com/jakewharton/telecine/TelecineModule.java,com.jakewharton.telecine.TelecineModule,provideShowCountdownPreference/1[com.jakewharton.telecine.SharedPreferences],false,55,5,1,0,1,1,0,3,1,0,1,0,0,0,0,0,0,0,1,0,0,0,0,0,0,0,8,0,0,false
/Users/danielogenrwot/Documents/Projects/roles-smells-metrics/src/bin/../../data/SourceProjects/Mobile/Telecine-1.6.2/telecine/src/main/java/com/jakewharton/telecine/TelecineModule.java,com.jakewharton.telecine.TelecineModule,provideShowTouches/1[com.jakewharton.telecine.BooleanPreference],false,83,3,1,0,1,1,1,3,1,0,1,1,0,0,0,0,0,0,0,0,0,0,0,0,0,0,6,0,0,false
/Users/danielogenrwot/Documents/Projects/roles-smells-metrics/src/bin/../../data/SourceProjects/Mobile/Telecine-1.6.2/telecine/src/main/java/com/jakewharton/telecine/TelecineModule.java,com.jakewharton.telecine.TelecineModule,provideAnalytics/0,false,31,6,2,0,2,2,3,14,2,2,0,3,0,0,0,0,0,0,0,1,2,0,1,1,0,0,9,0,0,false
/Users/danielogenrwot/Documents/Projects/roles-smells-metrics/src/bin/../../data/SourceProjects/Mobile/Telecine-1.6.2/telecine/src/main/java/com/jakewharton/telecine/TelecineModule.java,com.jakewharton.telecine.TelecineModule,provideSharedPreferences/0,false,50,3,0,0,0,1,1,3,1,0,0,1,0,0,0,0,0,0,0,0,0,0,0,0,0,0,3,0,0,false
/Users/danielogenrwot/Documents/Projects/roles-smells-metrics/src/bin/../../data/SourceProjects/Mobile/Telecine-1.6.2/telecine/src/main/java/com/jakewharton/telecine/TelecineModule.java,com.jakewharton.telecine.TelecineModule,provideVideoSizePercentage/1[com.jakewharton.telecine.IntPreference],false,93,3,1,0,1,1,1,3,1,0,1,1,0,0,0,0,0,0,0,0,0,0,0,0,0,0,8,0,0,false
/Users/danielogenrwot/Documents/Projects/roles-smells-metrics/src/bin/../../data/SourceProjects/Mobile/Telecine-1.6.2/telecine/src/main/java/com/jakewharton/telecine/RecordingSession.java,com.jakewharton.telecine.RecordingSession$RecordingInfo,"RecordingInfo/4[int,int,int,int]",true,408,0,1,1,0,1,0,6,0,0,4,0,0,0,0,0,0,0,0,0,4,0,0,0,0,0,7,0,0,false
/Users/danielogenrwot/Documents/Projects/roles-smells-metrics/src/bin/../../data/SourceProjects/Mobile/Telecine-1.6.2/telecine/src/main/java/com/jakewharton/telecine/OverlayView.java,com.jakewharton.telecine.OverlayView$Listener,onResize/0,false,78,0,1,1,0,1,0,1,0,0,0,0,0,0,0,0,0,0,0,0,0,0,0,0,0,0,16,0,0,true
/Users/danielogenrwot/Documents/Projects/roles-smells-metrics/src/bin/../../data/SourceProjects/Mobile/Telecine-1.6.2/telecine/src/main/java/com/jakewharton/telecine/OverlayView.java,com.jakewharton.telecine.OverlayView$Listener,onStart/0,false,69,0,1,1,0,1,0,1,0,0,0,0,0,0,0,0,0,0,0,0,0,0,0,0,0,0,19,0,0,true
/Users/danielogenrwot/Documents/Projects/roles-smells-metrics/src/bin/../../data/SourceProjects/Mobile/Telecine-1.6.2/telecine/src/main/java/com/jakewharton/telecine/OverlayView.java,com.jakewharton.telecine.OverlayView$Listener,onCancel/0,false,66,0,1,1,0,1,0,1,0,0,0,0,0,0,0,0,0,0,0,0,0,0,0,0,0,0,11,0,0,true
/Users/danielogenrwot/Documents/Projects/roles-smells-metrics/src/bin/../../data/SourceProjects/Mobile/Telecine-1.6.2/telecine/src/main/java/com/jakewharton/telecine/OverlayView.java,com.jakewharton.telecine.OverlayView$Listener,onStop/0,false,75,0,1,1,0,1,0,1,0,0,0,0,0,0,0,0,0,0,0,0,0,0,0,0,0,0,11,0,0,true
/Users/danielogenrwot/Documents/Projects/roles-smells-metrics/src/bin/../../data/SourceProjects/Mobile/Telecine-1.6.2/telecine/src/main/java/com/jakewharton/telecine/TelecineApplication.java,com.jakewharton.telecine.TelecineApplication,onCreate/0,false,13,4,2,0,2,2,10,21,0,1,0,10,0,0,0,0,0,0,1,0,2,0,1,1,0,0,15,1,0,false
/Users/danielogenrwot/Documents/Projects/roles-smells-metrics/src/bin/../../data/SourceProjects/Mobile/Telecine-1.6.2/telecine/src/main/java/com/jakewharton/telecine/TelecineApplication.java,com.jakewharton.telecine.TelecineApplication,injector/0,false,39,1,5,5,0,1,0,3,1,0,0,0,0,0,0,0,0,0,0,0,0,0,0,0,0,0,4,16,0,false
/Users/danielogenrwot/Documents/Projects/roles-smells-metrics/src/bin/../../data/SourceProjects/Mobile/Telecine-1.6.2/telecine/src/main/java/com/jakewharton/telecine/DeleteRecordingBroadcastReceiver.java,com.jakewharton.telecine.DeleteRecordingBroadcastReceiver$Anonymous1,doInBackground/1[java.lang.Void[]],false,24,1,0,0,0,2,3,10,1,1,1,3,0,0,0,1,0,0,2,1,1,0,1,0,0,0,9,4,0,false
/Users/danielogenrwot/Documents/Projects/roles-smells-metrics/src/bin/../../data/SourceProjects/Mobile/Telecine-1.6.2/telecine/src/main/java/com/jakewharton/telecine/CheatSheet.java,com.jakewharton.telecine.CheatSheet,remove/1[com.jakewharton.telecine.View],false,101,1,0,0,0,1,1,3,0,0,1,1,0,0,0,0,0,0,0,0,0,0,0,0,0,0,15,9,0,true
/Users/danielogenrwot/Documents/Projects/roles-smells-metrics/src/bin/../../data/SourceProjects/Mobile/Telecine-1.6.2/telecine/src/main/java/com/jakewharton/telecine/CheatSheet.java,com.jakewharton.telecine.CheatSheet,"setup/2[com.jakewharton.telecine.View,int]",false,68,1,0,0,0,1,1,8,0,0,2,1,0,0,0,0,0,0,0,0,0,0,0,1,0,0,43,9,0,true
/Users/danielogenrwot/Documents/Projects/roles-smells-metrics/src/bin/../../data/SourceProjects/Mobile/Telecine-1.6.2/telecine/src/main/java/com/jakewharton/telecine/CheatSheet.java,com.jakewharton.telecine.CheatSheet,"setup/2[com.jakewharton.telecine.View,java.lang.CharSequence]",false,86,1,0,0,0,1,1,8,0,0,2,1,0,0,0,0,0,0,0,0,0,0,0,1,0,0,40,9,0,true
/Users/danielogenrwot/Documents/Projects/roles-smells-metrics/src/bin/../../data/SourceProjects/Mobile/Telecine-1.6.2/telecine/src/main/java/com/jakewharton/telecine/CheatSheet.java,com.jakewharton.telecine.CheatSheet,setup/1[com.jakewharton.telecine.View],false,50,1,2,2,0,1,1,8,0,0,1,1,0,0,0,0,0,0,0,0,0,0,0,1,0,0,38,9,0,true
/Users/danielogenrwot/Documents/Projects/roles-smells-metrics/src/bin/../../data/SourceProjects/Mobile/Telecine-1.6.2/telecine/src/main/java/com/jakewharton/telecine/CheatSheet.java,com.jakewharton.telecine.CheatSheet,"showCheatSheet/2[com.jakewharton.telecine.View,java.lang.CharSequence]",false,108,5,1,1,0,4,11,25,2,10,2,11,0,0,0,0,0,1,0,8,10,10,1,0,0,0,41,10,0,true
/Users/danielogenrwot/Documents/Projects/roles-smells-metrics/src/bin/../../data/SourceProjects/Mobile/Telecine-1.6.2/telecine/src/main/java/com/jakewharton/telecine/TelecineTileService.java,com.jakewharton.telecine.TelecineTileService,onTileRemoved/0,false,43,2,1,0,1,1,5,4,0,0,0,5,0,0,0,0,0,0,1,0,0,0,0,0,0,0,4,1,0,false
/Users/danielogenrwot/Documents/Projects/roles-smells-metrics/src/bin/../../data/SourceProjects/Mobile/Telecine-1.6.2/telecine/src/main/java/com/jakewharton/telecine/TelecineTileService.java,com.jakewharton.telecine.TelecineTileService,onCreate/0,false,15,2,2,0,2,1,4,4,0,0,0,4,0,0,0,0,0,1,0,0,0,0,0,0,0,0,5,1,0,false
/Users/danielogenrwot/Documents/Projects/roles-smells-metrics/src/bin/../../data/SourceProjects/Mobile/Telecine-1.6.2/telecine/src/main/java/com/jakewharton/telecine/TelecineTileService.java,com.jakewharton.telecine.TelecineTileService,onTileAdded/0,false,35,2,1,0,1,1,5,4,0,0,0,5,0,0,0,0,0,0,1,0,0,0,0,0,0,0,4,1,0,false
/Users/danielogenrwot/Documents/Projects/roles-smells-metrics/src/bin/../../data/SourceProjects/Mobile/Telecine-1.6.2/telecine/src/main/java/com/jakewharton/telecine/TelecineTileService.java,com.jakewharton.telecine.TelecineTileService,onStartListening/0,false,24,1,0,0,0,1,4,6,0,1,0,4,0,0,0,0,0,0,1,0,1,0,0,0,0,0,8,1,0,false
/Users/danielogenrwot/Documents/Projects/roles-smells-metrics/src/bin/../../data/SourceProjects/Mobile/Telecine-1.6.2/telecine/src/main/java/com/jakewharton/telecine/TelecineTileService.java,com.jakewharton.telecine.TelecineTileService,onClick/0,false,20,1,1,0,1,1,2,3,0,0,0,2,0,0,0,0,0,0,0,0,0,0,0,0,0,0,4,1,0,false
/Users/danielogenrwot/Documents/Projects/roles-smells-metrics/src/bin/../../data/SourceProjects/Mobile/Telecine-1.6.2/telecine/src/main/java/com/jakewharton/telecine/TelecineTileService.java,com.jakewharton.telecine.TelecineTileService,onStopListening/0,false,31,0,0,0,0,1,1,3,0,0,0,1,0,0,0,0,0,0,1,0,0,0,0,0,0,0,5,1,0,false
/Users/danielogenrwot/Documents/Projects/roles-smells-metrics/src/bin/../../data/SourceProjects/Mobile/Telecine-1.6.2/telecine/src/main/java/com/jakewharton/telecine/TelecineComponent.java,com.jakewharton.telecine.TelecineComponent,inject/1[com.jakewharton.telecine.TelecineService],false,13,1,1,1,0,1,0,1,0,0,1,0,0,0,0,0,0,0,0,0,0,0,0,0,0,0,4,0,0,false
/Users/danielogenrwot/Documents/Projects/roles-smells-metrics/src/bin/../../data/SourceProjects/Mobile/Telecine-1.6.2/telecine/src/main/java/com/jakewharton/telecine/TelecineComponent.java,com.jakewharton.telecine.TelecineComponent,inject/1[com.jakewharton.telecine.TelecineTileService],false,14,1,1,1,0,1,0,1,0,0,1,0,0,0,0,0,0,0,0,0,0,0,0,0,0,0,5,0,0,false
/Users/danielogenrwot/Documents/Projects/roles-smells-metrics/src/bin/../../data/SourceProjects/Mobile/Telecine-1.6.2/telecine/src/main/java/com/jakewharton/telecine/TelecineComponent.java,com.jakewharton.telecine.TelecineComponent,inject/1[com.jakewharton.telecine.TelecineShortcutLaunchActivity],false,11,1,1,1,0,1,0,1,0,0,1,0,0,0,0,0,0,0,0,0,0,0,0,0,0,0,6,0,0,false
/Users/danielogenrwot/Documents/Projects/roles-smells-metrics/src/bin/../../data/SourceProjects/Mobile/Telecine-1.6.2/telecine/src/main/java/com/jakewharton/telecine/TelecineComponent.java,com.jakewharton.telecine.TelecineComponent,inject/1[com.jakewharton.telecine.TelecineActivity],false,9,1,1,1,0,1,0,1,0,0,1,0,0,0,0,0,0,0,0,0,0,0,0,0,0,0,4,0,0,false
/Users/danielogenrwot/Documents/Projects/roles-smells-metrics/src/bin/../../data/SourceProjects/Mobile/Telecine-1.6.2/telecine/src/main/java/com/jakewharton/telecine/TelecineComponent.java,com.jakewharton.telecine.TelecineComponent,inject/1[com.jakewharton.telecine.TelecineShortcutConfigureActivity],false,10,1,1,1,0,1,0,1,0,0,1,0,0,0,0,0,0,0,0,0,0,0,0,0,0,0,6,0,0,false
/Users/danielogenrwot/Documents/Projects/roles-smells-metrics/src/bin/../../data/SourceProjects/Mobile/Telecine-1.6.2/telecine/src/main/java/com/jakewharton/telecine/Analytics.java,com.jakewharton.telecine.Analytics$GoogleAnalytics,"send/1[java.util.Map<java.lang.String,java.lang.String>]",false,42,0,0,0,0,1,1,3,0,0,1,1,0,0,0,0,0,0,0,0,0,0,0,0,0,0,2,1,0,false
/Users/danielogenrwot/Documents/Projects/roles-smells-metrics/src/bin/../../data/SourceProjects/Mobile/Telecine-1.6.2/telecine/src/main/java/com/jakewharton/telecine/Analytics.java,com.jakewharton.telecine.Analytics$GoogleAnalytics,GoogleAnalytics/1[com.jakewharton.telecine.Tracker],true,38,1,1,1,0,1,0,3,0,0,1,0,0,0,0,0,0,0,0,0,1,0,0,0,0,0,4,1,0,false
/Users/danielogenrwot/Documents/Projects/roles-smells-metrics/src/bin/../../data/SourceProjects/Mobile/Telecine-1.6.2/telecine/src/main/java/com/jakewharton/telecine/TelecineShortcutConfigureActivity.java,com.jakewharton.telecine.TelecineShortcutConfigureActivity,onCreate/1[com.jakewharton.telecine.Bundle],false,14,8,3,0,3,1,13,13,0,3,1,13,0,0,0,0,0,1,0,0,3,0,0,0,0,0,19,4,0,false
/Users/danielogenrwot/Documents/Projects/roles-smells-metrics/src/bin/../../data/SourceProjects/Mobile/Telecine-1.6.2/telecine/src/main/java/com/jakewharton/telecine/Analytics.java,com.jakewharton.telecine.Analytics,"send/1[java.util.Map<java.lang.String,java.lang.String>]",false,32,0,16,16,0,1,0,1,0,0,1,0,0,0,0,0,0,0,0,0,0,0,0,0,0,0,3,0,0,true
/Users/danielogenrwot/Documents/Projects/roles-smells-metrics/src/bin/../../data/SourceProjects/Mobile/Telecine-1.6.2/telecine/src/main/java/com/jakewharton/telecine/OverlayView.java,com.jakewharton.telecine.OverlayView,onApplyWindowInsets/1[com.jakewharton.telecine.WindowInsets],false,109,3,1,0,1,1,4,6,1,1,1,4,0,0,0,0,0,0,0,0,2,0,0,0,0,0,9,1,0,false
/Users/danielogenrwot/Documents/Projects/roles-smells-metrics/src/bin/../../data/SourceProjects/Mobile/Telecine-1.6.2/telecine/src/main/java/com/jakewharton/telecine/OverlayView.java,com.jakewharton.telecine.OverlayView,createLayoutParams/1[com.jakewharton.telecine.Context],false,45,4,2,1,1,1,3,6,1,2,1,3,1,1,0,0,0,0,0,0,3,0,0,0,0,0,29,8,0,false
/Users/danielogenrwot/Documents/Projects/roles-smells-metrics/src/bin/../../data/SourceProjects/Mobile/Telecine-1.6.2/telecine/src/main/java/com/jakewharton/telecine/OverlayView.java,com.jakewharton.telecine.OverlayView,startRecording/0,false,161,2,2,1,1,1,3,11,0,0,0,3,0,0,0,0,0,0,0,0,0,0,0,1,0,0,15,2,0,false
/Users/danielogenrwot/Documents/Projects/roles-smells-metrics/src/bin/../../data/SourceProjects/Mobile/Telecine-1.6.2/telecine/src/main/java/com/jakewharton/telecine/OverlayView.java,com.jakewharton.telecine.OverlayView,gravityEndLocaleHack/0,false,60,1,1,1,0,2,2,4,1,1,0,2,0,0,0,1,0,0,1,0,1,0,0,0,0,0,22,10,0,false
/Users/danielogenrwot/Documents/Projects/roles-smells-metrics/src/bin/../../data/SourceProjects/Mobile/Telecine-1.6.2/telecine/src/main/java/com/jakewharton/telecine/OverlayView.java,com.jakewharton.telecine.OverlayView,onCancelClicked/0,false,127,2,1,0,1,1,5,8,0,0,0,5,0,0,0,0,0,0,0,0,0,0,0,1,0,0,21,0,0,false
/Users/danielogenrwot/Documents/Projects/roles-smells-metrics/src/bin/../../data/SourceProjects/Mobile/Telecine-1.6.2/telecine/src/main/java/com/jakewharton/telecine/OverlayView.java,com.jakewharton.telecine.OverlayView,"countdown/2[java.lang.String[],int]",false,188,0,3,2,1,1,1,14,0,0,2,1,0,0,0,0,0,0,0,0,0,0,0,1,0,0,7,2,0,false
/Users/danielogenrwot/Documents/Projects/roles-smells-metrics/src/bin/../../data/SourceProjects/Mobile/Telecine-1.6.2/telecine/src/main/java/com/jakewharton/telecine/OverlayView.java,com.jakewharton.telecine.OverlayView,countdownComplete/0,false,177,0,2,1,1,1,4,8,0,0,0,4,0,0,0,0,0,0,0,1,0,0,0,1,0,0,18,2,0,false
/Users/danielogenrwot/Documents/Projects/roles-smells-metrics/src/bin/../../data/SourceProjects/Mobile/Telecine-1.6.2/telecine/src/main/java/com/jakewharton/telecine/OverlayView.java,com.jakewharton.telecine.OverlayView,"create/3[com.jakewharton.telecine.Context,com.jakewharton.telecine.OverlayView.Listener,boolean]",false,41,3,2,1,1,1,0,3,1,0,3,0,0,0,0,0,0,0,0,0,0,0,0,0,0,0,7,8,0,false
/Users/danielogenrwot/Documents/Projects/roles-smells-metrics/src/bin/../../data/SourceProjects/Mobile/Telecine-1.6.2/telecine/src/main/java/com/jakewharton/telecine/OverlayView.java,com.jakewharton.telecine.OverlayView,"OverlayView/3[com.jakewharton.telecine.Context,com.jakewharton.telecine.OverlayView.Listener,boolean]",true,93,3,2,1,1,2,5,12,0,0,3,5,0,0,0,1,0,0,0,0,3,0,1,0,0,0,31,2,0,false
/Users/danielogenrwot/Documents/Projects/roles-smells-metrics/src/bin/../../data/SourceProjects/Mobile/Telecine-1.6.2/telecine/src/main/java/com/jakewharton/telecine/OverlayView.java,com.jakewharton.telecine.OverlayView,onAttachedToWindow/0,false,118,1,0,0,0,1,6,5,0,0,0,6,0,0,0,0,0,0,0,1,0,0,0,0,0,0,22,4,0,false
/Users/danielogenrwot/Documents/Projects/roles-smells-metrics/src/bin/../../data/SourceProjects/Mobile/Telecine-1.6.2/telecine/src/main/java/com/jakewharton/telecine/OverlayView.java,com.jakewharton.telecine.OverlayView,showCountDown/0,false,172,1,2,1,1,1,3,4,0,1,0,3,1,1,0,0,0,0,0,1,1,0,0,0,0,0,6,2,0,false
/Users/danielogenrwot/Documents/Projects/roles-smells-metrics/src/bin/../../data/SourceProjects/Mobile/Telecine-1.6.2/telecine/src/main/java/com/jakewharton/telecine/OverlayView.java,com.jakewharton.telecine.OverlayView,onStartClicked/0,false,138,3,1,0,1,2,9,24,0,3,0,9,0,0,0,0,0,4,0,4,3,5,0,2,0,0,42,0,0,false
/Users/danielogenrwot/Documents/Projects/roles-smells-metrics/src/bin/../../data/SourceProjects/Mobile/Telecine-1.6.2/telecine/src/main/java/com/jakewharton/telecine/BugsnagTree.java,com.jakewharton.telecine.BugsnagTree,priorityToString/1[int],false,43,0,1,1,0,5,1,14,5,0,1,1,0,0,0,0,0,0,4,0,0,0,1,0,0,0,3,10,0,false
/Users/danielogenrwot/Documents/Projects/roles-smells-metrics/src/bin/../../data/SourceProjects/Mobile/Telecine-1.6.2/telecine/src/main/java/com/jakewharton/telecine/BugsnagTree.java,com.jakewharton.telecine.BugsnagTree,"log/4[int,java.lang.String,java.lang.String,java.lang.Throwable]",false,21,1,1,0,1,4,6,12,0,0,4,6,1,1,0,2,0,0,2,0,1,1,2,0,0,0,17,4,0,false
/Users/danielogenrwot/Documents/Projects/roles-smells-metrics/src/bin/../../data/SourceProjects/Mobile/Telecine-1.6.2/telecine/src/main/java/com/jakewharton/telecine/BugsnagTree.java,com.jakewharton.telecine.BugsnagTree,update/1[java.lang.Error],false,34,0,1,1,0,2,2,8,0,1,1,2,0,0,1,0,0,0,2,1,1,0,2,0,0,0,6,0,0,false
/Users/danielogenrwot/Documents/Projects/roles-smells-metrics/src/bin/../../data/SourceProjects/Mobile/Telecine-1.6.2/telecine/src/main/java/com/jakewharton/telecine/RecordingSession.java,com.jakewharton.telecine.RecordingSession$Anonymous2$Anonymous3,run/0,false,301,1,6,0,6,1,1,3,0,0,0,1,0,0,0,0,0,0,0,0,0,0,0,0,0,0,3,1,0,false
/Users/danielogenrwot/Documents/Projects/roles-smells-metrics/src/bin/../../data/SourceProjects/Mobile/Telecine-1.6.2/telecine/src/main/java/com/jakewharton/telecine/BooleanPreference.java,com.jakewharton.telecine.BooleanPreference,"BooleanPreference/2[com.jakewharton.telecine.SharedPreferences,java.lang.String]",true,10,1,0,0,0,1,0,3,0,0,2,0,0,0,0,0,0,0,0,0,0,0,0,0,0,0,5,1,0,false
/Users/danielogenrwot/Documents/Projects/roles-smells-metrics/src/bin/../../data/SourceProjects/Mobile/Telecine-1.6.2/telecine/src/main/java/com/jakewharton/telecine/BooleanPreference.java,com.jakewharton.telecine.BooleanPreference,"BooleanPreference/3[com.jakewharton.telecine.SharedPreferences,java.lang.String,java.lang.Boolean]",true,14,1,4,4,0,1,0,5,0,0,3,0,0,0,0,0,0,0,0,0,3,0,0,0,0,0,8,1,0,false
/Users/danielogenrwot/Documents/Projects/roles-smells-metrics/src/bin/../../data/SourceProjects/Mobile/Telecine-1.6.2/telecine/src/main/java/com/jakewharton/telecine/BooleanPreference.java,com.jakewharton.telecine.BooleanPreference,set/1[boolean],false,28,0,4,4,0,1,3,3,0,0,1,3,0,0,0,0,0,0,0,0,0,0,0,0,0,0,2,1,0,false
/Users/danielogenrwot/Documents/Projects/roles-smells-metrics/src/bin/../../data/SourceProjects/Mobile/Telecine-1.6.2/telecine/src/main/java/com/jakewharton/telecine/BooleanPreference.java,com.jakewharton.telecine.BooleanPreference,delete/0,false,32,0,0,0,0,1,3,3,0,0,0,3,0,0,0,0,0,0,0,0,0,0,0,0,0,0,2,1,0,false
/Users/danielogenrwot/Documents/Projects/roles-smells-metrics/src/bin/../../data/SourceProjects/Mobile/Telecine-1.6.2/telecine/src/main/java/com/jakewharton/telecine/BooleanPreference.java,com.jakewharton.telecine.BooleanPreference,get/0,false,20,0,9,9,0,1,1,3,1,0,0,1,0,0,0,0,0,0,0,0,0,0,0,0,0,0,1,1,0,false
/Users/danielogenrwot/Documents/Projects/roles-smells-metrics/src/bin/../../data/SourceProjects/Mobile/Telecine-1.6.2/telecine/src/main/java/com/jakewharton/telecine/BooleanPreference.java,com.jakewharton.telecine.BooleanPreference,isSet/0,false,24,0,0,0,0,1,1,3,1,0,0,1,0,0,0,0,0,0,0,0,0,0,0,0,0,0,3,1,0,false
/Users/danielogenrwot/Documents/Projects/roles-smells-metrics/src/bin/../../data/SourceProjects/Mobile/Telecine-1.6.2/telecine/src/main/java/com/jakewharton/telecine/TelecineApplication.java,com.jakewharton.telecine.TelecineApplication$Anonymous1,run/1[java.lang.Error],false,25,1,1,0,1,1,1,4,1,0,1,1,0,0,0,0,0,0,0,0,0,0,0,0,0,0,4,1,0,false
/Users/danielogenrwot/Documents/Projects/roles-smells-metrics/src/bin/../../data/SourceProjects/Mobile/Telecine-1.6.2/telecine/src/test/java/com/jakewharton/telecine/RecordingSessionTest.java,com.jakewharton.telecine.RecordingSessionTest,videoSizeResize/0,false,17,3,1,0,1,1,3,6,0,1,0,3,0,0,0,0,0,0,0,10,1,0,0,0,0,0,9,1,0,false
/Users/danielogenrwot/Documents/Projects/roles-smells-metrics/src/bin/../../data/SourceProjects/Mobile/Telecine-1.6.2/telecine/src/test/java/com/jakewharton/telecine/RecordingSessionTest.java,com.jakewharton.telecine.RecordingSessionTest,videoSizeLargerThanCameraScalingResizesFirst/0,false,59,3,1,0,1,1,3,6,0,1,0,3,0,0,0,0,0,0,0,10,1,0,0,0,0,0,14,1,0,false
/Users/danielogenrwot/Documents/Projects/roles-smells-metrics/src/bin/../../data/SourceProjects/Mobile/Telecine-1.6.2/telecine/src/test/java/com/jakewharton/telecine/RecordingSessionTest.java,com.jakewharton.telecine.RecordingSessionTest,videoSizeLargerThanCameraScalingLandscape/0,false,66,3,1,0,1,1,3,6,0,1,0,3,0,0,0,0,0,0,0,10,1,0,0,0,0,0,13,1,0,false
/Users/danielogenrwot/Documents/Projects/roles-smells-metrics/src/bin/../../data/SourceProjects/Mobile/Telecine-1.6.2/telecine/src/test/java/com/jakewharton/telecine/RecordingSessionTest.java,com.jakewharton.telecine.RecordingSessionTest,videoSizeLargerThanCamera/0,false,38,3,1,0,1,1,3,6,0,1,0,3,0,0,0,0,0,0,0,10,1,0,0,0,0,0,11,1,0,false
/Users/danielogenrwot/Documents/Projects/roles-smells-metrics/src/bin/../../data/SourceProjects/Mobile/Telecine-1.6.2/telecine/src/test/java/com/jakewharton/telecine/RecordingSessionTest.java,com.jakewharton.telecine.RecordingSessionTest,videoSizeNoCamera/0,false,10,3,1,0,1,1,3,6,0,1,0,3,0,0,0,0,0,0,0,10,1,0,0,0,0,0,10,1,0,false
/Users/danielogenrwot/Documents/Projects/roles-smells-metrics/src/bin/../../data/SourceProjects/Mobile/Telecine-1.6.2/telecine/src/test/java/com/jakewharton/telecine/RecordingSessionTest.java,com.jakewharton.telecine.RecordingSessionTest,videoSizeLargerThanCameraLandscape/0,false,45,3,1,0,1,1,3,6,0,1,0,3,0,0,0,0,0,0,0,10,1,0,0,0,0,0,12,1,0,false
/Users/danielogenrwot/Documents/Projects/roles-smells-metrics/src/bin/../../data/SourceProjects/Mobile/Telecine-1.6.2/telecine/src/test/java/com/jakewharton/telecine/RecordingSessionTest.java,com.jakewharton.telecine.RecordingSessionTest,videoSizeLargerThanCameraScaling/0,false,52,3,1,0,1,1,3,6,0,1,0,3,0,0,0,0,0,0,0,10,1,0,0,0,0,0,12,1,0,false
/Users/danielogenrwot/Documents/Projects/roles-smells-metrics/src/bin/../../data/SourceProjects/Mobile/Telecine-1.6.2/telecine/src/test/java/com/jakewharton/telecine/RecordingSessionTest.java,com.jakewharton.telecine.RecordingSessionTest,videoSizeFitsInCamera/0,false,24,3,1,0,1,1,3,6,0,1,0,3,0,0,0,0,0,0,0,10,1,0,0,0,0,0,11,1,0,false
/Users/danielogenrwot/Documents/Projects/roles-smells-metrics/src/bin/../../data/SourceProjects/Mobile/Telecine-1.6.2/telecine/src/test/java/com/jakewharton/telecine/RecordingSessionTest.java,com.jakewharton.telecine.RecordingSessionTest,videoSizeFitsInCameraLandscape/0,false,31,3,1,0,1,1,3,6,0,1,0,3,0,0,0,0,0,0,0,10,1,0,0,0,0,0,12,1,0,false
/Users/danielogenrwot/Documents/Projects/roles-smells-metrics/src/bin/../../data/SourceProjects/Mobile/Telecine-1.6.2/telecine/src/main/java/com/jakewharton/telecine/DeleteRecordingBroadcastReceiver.java,com.jakewharton.telecine.DeleteRecordingBroadcastReceiver,"onReceive/2[com.jakewharton.telecine.Context,com.jakewharton.telecine.Intent]",false,16,6,0,0,0,1,5,19,0,3,2,5,0,0,0,0,0,0,0,0,3,0,0,1,0,0,33,1,0,false
/Users/danielogenrwot/Documents/Projects/roles-smells-metrics/src/bin/../../data/SourceProjects/Mobile/Telecine-1.6.2/telecine/src/main/java/com/jakewharton/telecine/TelecineShortcutLaunchActivity.java,com.jakewharton.telecine.TelecineShortcutLaunchActivity,onCreate/1[com.jakewharton.telecine.Bundle],false,21,6,4,0,4,2,11,10,0,1,1,11,0,0,0,1,0,1,0,0,2,0,1,0,0,0,23,4,0,false
/Users/danielogenrwot/Documents/Projects/roles-smells-metrics/src/bin/../../data/SourceProjects/Mobile/Telecine-1.6.2/telecine/src/main/java/com/jakewharton/telecine/TelecineShortcutLaunchActivity.java,com.jakewharton.telecine.TelecineShortcutLaunchActivity,"onActivityResult/3[int,int,com.jakewharton.telecine.Intent]",false,38,2,1,0,1,2,3,6,0,0,3,3,0,0,0,0,0,0,0,0,0,0,1,0,0,0,5,4,0,false
/Users/danielogenrwot/Documents/Projects/roles-smells-metrics/src/bin/../../data/SourceProjects/Mobile/Telecine-1.6.2/telecine/src/main/java/com/jakewharton/telecine/TelecineShortcutLaunchActivity.java,com.jakewharton.telecine.TelecineShortcutLaunchActivity,onStop/0,false,45,0,0,0,0,2,3,6,0,0,0,3,0,0,0,0,0,0,0,0,0,0,1,0,0,0,5,4,0,false
/Users/danielogenrwot/Documents/Projects/roles-smells-metrics/src/bin/../../data/SourceProjects/Mobile/Telecine-1.6.2/telecine/src/main/java/com/jakewharton/telecine/TelecineShortcutLaunchActivity.java,com.jakewharton.telecine.TelecineShortcutLaunchActivity,createQuickTileIntent/1[com.jakewharton.telecine.Context],false,13,3,1,1,0,1,1,5,1,1,1,1,0,0,0,0,0,0,0,0,1,0,0,0,0,0,7,8,0,false
/Users/danielogenrwot/Documents/Projects/roles-smells-metrics/src/bin/../../data/SourceProjects/Mobile/Telecine-1.6.2/telecine/src/main/java/com/jakewharton/telecine/CheatSheet.java,com.jakewharton.telecine.CheatSheet$Anonymous2,onLongClick/1[com.jakewharton.telecine.View],false,71,2,1,0,1,1,3,3,1,0,1,3,0,0,0,0,0,0,0,0,0,0,0,0,0,0,11,1,0,false
/Users/danielogenrwot/Documents/Projects/roles-smells-metrics/src/bin/../../data/SourceProjects/Mobile/Telecine-1.6.2/telecine/src/main/java/com/jakewharton/telecine/CheatSheet.java,com.jakewharton.telecine.CheatSheet$Anonymous1,onLongClick/1[com.jakewharton.telecine.View],false,53,2,1,0,1,1,2,3,1,0,1,2,0,0,0,0,0,0,0,0,0,0,0,0,0,0,8,1,0,false
/Users/danielogenrwot/Documents/Projects/roles-smells-metrics/src/bin/../../data/SourceProjects/Mobile/Telecine-1.6.2/telecine/src/main/java/com/jakewharton/telecine/CheatSheet.java,com.jakewharton.telecine.CheatSheet$Anonymous3,onLongClick/1[com.jakewharton.telecine.View],false,89,2,1,0,1,1,1,3,1,0,1,1,0,0,0,0,0,0,0,0,0,0,0,0,0,0,8,1,0,false
/Users/danielogenrwot/Documents/Projects/roles-smells-metrics/src/bin/../../data/SourceProjects/Mobile/Telecine-1.6.2/telecine/src/main/java/com/jakewharton/telecine/OverlayView.java,com.jakewharton.telecine.OverlayView$Anonymous6,run/0,false,190,1,6,0,6,2,3,9,0,0,0,3,0,0,0,0,0,0,0,2,0,2,1,0,0,0,4,1,0,false
/Users/danielogenrwot/Documents/Projects/roles-smells-metrics/src/bin/../../data/SourceProjects/Mobile/Telecine-1.6.2/telecine/src/main/java/com/jakewharton/telecine/CaptureHelper.java,com.jakewharton.telecine.CaptureHelper,CaptureHelper/0,true,14,0,0,0,0,1,0,3,0,0,0,0,0,0,0,0,0,0,1,0,0,0,0,0,0,0,4,2,0,false
/Users/danielogenrwot/Documents/Projects/roles-smells-metrics/src/bin/../../data/SourceProjects/Mobile/Telecine-1.6.2/telecine/src/main/java/com/jakewharton/telecine/CaptureHelper.java,com.jakewharton.telecine.CaptureHelper,"fireScreenCaptureIntent/2[com.jakewharton.telecine.Activity,com.jakewharton.telecine.Analytics]",false,18,5,3,2,1,1,7,6,0,2,2,7,0,0,0,0,0,0,0,0,2,0,0,0,0,0,26,8,0,false
/Users/danielogenrwot/Documents/Projects/roles-smells-metrics/src/bin/../../data/SourceProjects/Mobile/Telecine-1.6.2/telecine/src/main/java/com/jakewharton/telecine/CaptureHelper.java,com.jakewharton.telecine.CaptureHelper,"handleActivityResult/5[com.jakewharton.telecine.Activity,int,int,com.jakewharton.telecine.Intent,com.jakewharton.telecine.Analytics]",false,31,5,4,2,2,3,8,14,2,0,5,8,0,0,0,2,0,0,2,0,0,0,1,0,0,0,24,8,0,false
/Users/danielogenrwot/Documents/Projects/roles-smells-metrics/src/bin/../../data/SourceProjects/Mobile/Telecine-1.6.2/telecine/src/main/java/com/jakewharton/telecine/TelecineActivity.java,com.jakewharton.telecine.TelecineActivity,onShowTouchesChanged/0,false,157,4,3,0,3,3,9,9,0,2,0,9,0,0,0,1,0,0,1,2,2,0,1,0,0,0,11,0,0,false
/Users/danielogenrwot/Documents/Projects/roles-smells-metrics/src/bin/../../data/SourceProjects/Mobile/Telecine-1.6.2/telecine/src/main/java/com/jakewharton/telecine/TelecineActivity.java,com.jakewharton.telecine.TelecineActivity,onLaunchClicked/0,false,91,2,1,0,1,1,2,4,0,0,0,2,0,0,0,0,0,0,1,0,0,0,0,0,0,0,7,0,0,false
/Users/danielogenrwot/Documents/Projects/roles-smells-metrics/src/bin/../../data/SourceProjects/Mobile/Telecine-1.6.2/telecine/src/main/java/com/jakewharton/telecine/TelecineActivity.java,com.jakewharton.telecine.TelecineActivity,onStop/0,false,178,1,1,0,1,3,5,7,0,0,0,5,0,0,0,0,0,0,1,0,0,0,1,0,0,0,16,4,0,false
/Users/danielogenrwot/Documents/Projects/roles-smells-metrics/src/bin/../../data/SourceProjects/Mobile/Telecine-1.6.2/telecine/src/main/java/com/jakewharton/telecine/TelecineActivity.java,com.jakewharton.telecine.TelecineActivity,onShowCountdownChanged/0,false,112,4,3,0,3,3,9,9,0,2,0,9,0,0,0,1,0,0,1,2,2,0,1,0,0,0,11,0,0,false
/Users/danielogenrwot/Documents/Projects/roles-smells-metrics/src/bin/../../data/SourceProjects/Mobile/Telecine-1.6.2/telecine/src/main/java/com/jakewharton/telecine/TelecineActivity.java,com.jakewharton.telecine.TelecineActivity,rasterizeTaskIcon/0,false,77,5,1,1,0,1,8,10,1,5,0,8,0,0,0,0,0,0,0,2,5,0,0,0,0,0,27,2,0,false
/Users/danielogenrwot/Documents/Projects/roles-smells-metrics/src/bin/../../data/SourceProjects/Mobile/Telecine-1.6.2/telecine/src/main/java/com/jakewharton/telecine/TelecineActivity.java,com.jakewharton.telecine.TelecineActivity,"onActivityResult/3[int,int,com.jakewharton.telecine.Intent]",false,172,2,1,0,1,2,2,5,0,0,3,2,0,0,0,0,0,0,0,0,0,0,1,0,0,0,4,4,0,false
/Users/danielogenrwot/Documents/Projects/roles-smells-metrics/src/bin/../../data/SourceProjects/Mobile/Telecine-1.6.2/telecine/src/main/java/com/jakewharton/telecine/TelecineActivity.java,com.jakewharton.telecine.TelecineActivity,onCreate/1[com.jakewharton.telecine.Bundle],false,49,9,8,0,8,2,18,18,0,0,1,18,1,1,0,0,0,1,3,0,1,0,1,0,0,0,29,4,0,false
/Users/danielogenrwot/Documents/Projects/roles-smells-metrics/src/bin/../../data/SourceProjects/Mobile/Telecine-1.6.2/telecine/src/main/java/com/jakewharton/telecine/TelecineActivity.java,com.jakewharton.telecine.TelecineActivity,onVideoSizePercentageSelected/1[int],false,97,5,4,0,4,2,9,9,0,2,1,9,0,0,0,1,0,0,1,0,2,0,1,0,0,0,13,0,0,false
/Users/danielogenrwot/Documents/Projects/roles-smells-metrics/src/bin/../../data/SourceProjects/Mobile/Telecine-1.6.2/telecine/src/main/java/com/jakewharton/telecine/TelecineActivity.java,com.jakewharton.telecine.TelecineActivity,onHideFromRecentsChanged/0,false,127,4,3,0,3,3,9,9,0,2,0,9,0,0,0,1,0,0,1,2,2,0,1,0,0,0,13,0,0,false
/Users/danielogenrwot/Documents/Projects/roles-smells-metrics/src/bin/../../data/SourceProjects/Mobile/Telecine-1.6.2/telecine/src/main/java/com/jakewharton/telecine/TelecineActivity.java,com.jakewharton.telecine.TelecineActivity,onRecordingNotificationChanged/0,false,142,4,3,0,3,3,9,9,0,2,0,9,0,0,0,1,0,0,1,2,2,0,1,0,0,0,11,0,0,false
/Users/danielogenrwot/Documents/Projects/roles-smells-metrics/src/bin/../../data/SourceProjects/Mobile/Telecine-1.6.2/telecine/src/main/java/com/jakewharton/telecine/OverlayView.java,com.jakewharton.telecine.OverlayView$Anonymous2,onAnimationEnd/1[com.jakewharton.telecine.Animator],false,144,1,0,0,0,1,1,3,0,0,1,1,0,0,0,0,0,0,0,0,0,0,0,0,0,0,9,1,0,false
/Users/danielogenrwot/Documents/Projects/roles-smells-metrics/src/bin/../../data/SourceProjects/Mobile/Telecine-1.6.2/telecine/src/main/java/com/jakewharton/telecine/RecordingSession.java,com.jakewharton.telecine.RecordingSession,hideOverlay/0,false,145,2,3,2,1,2,6,8,0,0,0,6,0,0,0,1,0,0,1,0,1,0,1,0,0,0,7,2,0,false
/Users/danielogenrwot/Documents/Projects/roles-smells-metrics/src/bin/../../data/SourceProjects/Mobile/Telecine-1.6.2/telecine/src/main/java/com/jakewharton/telecine/RecordingSession.java,com.jakewharton.telecine.RecordingSession,destroy/0,false,433,1,2,1,1,2,2,6,0,0,0,2,1,2,0,0,0,0,1,0,0,0,1,0,0,0,4,0,0,false
/Users/danielogenrwot/Documents/Projects/roles-smells-metrics/src/bin/../../data/SourceProjects/Mobile/Telecine-1.6.2/telecine/src/main/java/com/jakewharton/telecine/RecordingSession.java,com.jakewharton.telecine.RecordingSession,createSquareBitmap/1[com.jakewharton.telecine.Bitmap],false,416,1,1,1,0,2,3,15,1,4,1,3,0,0,0,0,0,2,0,4,8,4,1,0,0,0,8,10,0,false
/Users/danielogenrwot/Documents/Projects/roles-smells-metrics/src/bin/../../data/SourceProjects/Mobile/Telecine-1.6.2/telecine/src/main/java/com/jakewharton/telecine/RecordingSession.java,com.jakewharton.telecine.RecordingSession,startRecording/0,false,195,7,4,1,3,4,28,36,1,3,0,28,1,2,0,0,1,0,7,3,9,1,1,0,0,0,45,2,0,false
/Users/danielogenrwot/Documents/Projects/roles-smells-metrics/src/bin/../../data/SourceProjects/Mobile/Telecine-1.6.2/telecine/src/main/java/com/jakewharton/telecine/RecordingSession.java,com.jakewharton.telecine.RecordingSession,"calculateRecordingInfo/8[int,int,int,boolean,int,int,int,int]",false,376,1,11,10,1,8,0,19,3,2,8,0,0,0,0,2,0,0,0,4,6,8,1,0,0,0,13,8,0,false
/Users/danielogenrwot/Documents/Projects/roles-smells-metrics/src/bin/../../data/SourceProjects/Mobile/Telecine-1.6.2/telecine/src/main/java/com/jakewharton/telecine/RecordingSession.java,com.jakewharton.telecine.RecordingSession,"showNotification/2[com.jakewharton.telecine.Uri,com.jakewharton.telecine.Bitmap]",false,309,9,4,2,2,3,29,41,1,11,2,29,1,1,0,2,0,0,0,3,12,0,1,1,0,0,49,2,0,false
/Users/danielogenrwot/Documents/Projects/roles-smells-metrics/src/bin/../../data/SourceProjects/Mobile/Telecine-1.6.2/telecine/src/main/java/com/jakewharton/telecine/RecordingSession.java,com.jakewharton.telecine.RecordingSession,cancelOverlay/0,false,158,4,4,1,3,1,6,5,0,0,0,6,1,1,0,0,0,0,0,0,0,0,0,0,0,0,3,2,0,false
/Users/danielogenrwot/Documents/Projects/roles-smells-metrics/src/bin/../../data/SourceProjects/Mobile/Telecine-1.6.2/telecine/src/main/java/com/jakewharton/telecine/RecordingSession.java,com.jakewharton.telecine.RecordingSession,"RecordingSession/7[com.jakewharton.telecine.Context,com.jakewharton.telecine.RecordingSession.Listener,int,com.jakewharton.telecine.Intent,com.jakewharton.telecine.Analytics,com.jakewharton.telecine.Provider<java.lang.Boolean>,com.jakewharton.telecine.Provider<java.lang.Integer>]",true,98,8,1,1,0,1,2,14,0,1,7,2,0,0,0,0,0,0,1,0,12,0,0,0,0,0,46,0,0,false
/Users/danielogenrwot/Documents/Projects/roles-smells-metrics/src/bin/../../data/SourceProjects/Mobile/Telecine-1.6.2/telecine/src/main/java/com/jakewharton/telecine/RecordingSession.java,com.jakewharton.telecine.RecordingSession,stopRecording/0,false,248,5,5,2,3,4,14,43,0,2,0,14,1,1,0,0,2,0,3,0,4,1,3,1,0,0,36,2,0,false
/Users/danielogenrwot/Documents/Projects/roles-smells-metrics/src/bin/../../data/SourceProjects/Mobile/Telecine-1.6.2/telecine/src/main/java/com/jakewharton/telecine/RecordingSession.java,com.jakewharton.telecine.RecordingSession,getRecordingInfo/0,false,168,6,2,1,1,5,8,20,1,12,0,8,1,1,0,4,0,0,4,3,12,0,0,0,0,0,42,2,0,false
/Users/danielogenrwot/Documents/Projects/roles-smells-metrics/src/bin/../../data/SourceProjects/Mobile/Telecine-1.6.2/telecine/src/main/java/com/jakewharton/telecine/RecordingSession.java,com.jakewharton.telecine.RecordingSession,showOverlay/0,false,116,4,5,1,4,1,9,21,0,1,0,9,0,0,0,0,0,0,1,0,2,0,0,1,0,0,17,0,0,false
/Users/danielogenrwot/Documents/Projects/roles-smells-metrics/src/bin/../../data/SourceProjects/Mobile/Telecine-1.6.2/telecine/src/main/java/com/jakewharton/telecine/IntPreference.java,com.jakewharton.telecine.IntPreference,"IntPreference/3[com.jakewharton.telecine.SharedPreferences,java.lang.String,int]",true,14,1,1,1,0,1,0,5,0,0,3,0,0,0,0,0,0,0,0,0,3,0,0,0,0,0,8,1,0,false
/Users/danielogenrwot/Documents/Projects/roles-smells-metrics/src/bin/../../data/SourceProjects/Mobile/Telecine-1.6.2/telecine/src/main/java/com/jakewharton/telecine/IntPreference.java,com.jakewharton.telecine.IntPreference,delete/0,false,32,0,0,0,0,1,3,3,0,0,0,3,0,0,0,0,0,0,0,0,0,0,0,0,0,0,2,1,0,false
/Users/danielogenrwot/Documents/Projects/roles-smells-metrics/src/bin/../../data/SourceProjects/Mobile/Telecine-1.6.2/telecine/src/main/java/com/jakewharton/telecine/IntPreference.java,com.jakewharton.telecine.IntPreference,get/0,false,20,0,3,3,0,1,1,3,1,0,0,1,0,0,0,0,0,0,0,0,0,0,0,0,0,0,1,1,0,false
/Users/danielogenrwot/Documents/Projects/roles-smells-metrics/src/bin/../../data/SourceProjects/Mobile/Telecine-1.6.2/telecine/src/main/java/com/jakewharton/telecine/IntPreference.java,com.jakewharton.telecine.IntPreference,set/1[int],false,28,0,1,1,0,1,3,3,0,0,1,3,0,0,0,0,0,0,0,0,0,0,0,0,0,0,2,1,0,false
/Users/danielogenrwot/Documents/Projects/roles-smells-metrics/src/bin/../../data/SourceProjects/Mobile/Telecine-1.6.2/telecine/src/main/java/com/jakewharton/telecine/IntPreference.java,com.jakewharton.telecine.IntPreference,isSet/0,false,24,0,0,0,0,1,1,3,1,0,0,1,0,0,0,0,0,0,0,0,0,0,0,0,0,0,3,1,0,false
/Users/danielogenrwot/Documents/Projects/roles-smells-metrics/src/bin/../../data/SourceProjects/Mobile/Telecine-1.6.2/telecine/src/main/java/com/jakewharton/telecine/IntPreference.java,com.jakewharton.telecine.IntPreference,"IntPreference/2[com.jakewharton.telecine.SharedPreferences,java.lang.String]",true,10,1,0,0,0,1,0,3,0,0,2,0,0,0,0,0,0,0,0,1,0,0,0,0,0,0,5,1,0,false
/Users/danielogenrwot/Documents/Projects/roles-smells-metrics/src/bin/../../data/SourceProjects/Mobile/Telecine-1.6.2/telecine/src/main/java/com/jakewharton/telecine/OverlayView.java,com.jakewharton.telecine.OverlayView$Anonymous3,run/0,false,151,1,6,0,6,2,2,8,0,0,0,2,0,0,0,0,0,0,0,0,0,0,1,0,0,0,6,1,0,false
/Users/danielogenrwot/Documents/Projects/roles-smells-metrics/src/bin/../../data/SourceProjects/Mobile/Telecine-1.6.2/telecine/src/main/java/com/jakewharton/telecine/RecordingSession.java,com.jakewharton.telecine.RecordingSession$Listener,onStop/0,false,63,0,1,1,0,1,0,1,0,0,0,0,0,0,0,0,0,0,0,0,0,0,0,0,0,0,8,0,0,true
/Users/danielogenrwot/Documents/Projects/roles-smells-metrics/src/bin/../../data/SourceProjects/Mobile/Telecine-1.6.2/telecine/src/main/java/com/jakewharton/telecine/RecordingSession.java,com.jakewharton.telecine.RecordingSession$Listener,onEnd/0,false,66,0,3,3,0,1,0,1,0,0,0,0,0,0,0,0,0,0,0,0,0,0,0,0,0,0,8,0,0,true
/Users/danielogenrwot/Documents/Projects/roles-smells-metrics/src/bin/../../data/SourceProjects/Mobile/Telecine-1.6.2/telecine/src/main/java/com/jakewharton/telecine/RecordingSession.java,com.jakewharton.telecine.RecordingSession$Listener,onStart/0,false,60,0,1,1,0,1,0,1,0,0,0,0,0,0,0,0,0,0,0,0,0,0,0,0,0,0,9,0,0,true
/Users/danielogenrwot/Documents/Projects/roles-smells-metrics/src/bin/../../data/SourceProjects/Mobile/Telecine-1.6.2/telecine/src/main/java/com/jakewharton/telecine/OverlayView.java,com.jakewharton.telecine.OverlayView$Anonymous4,onClick/1[com.jakewharton.telecine.View],false,165,3,1,0,1,1,1,3,0,0,1,1,0,0,0,0,0,0,0,0,0,0,0,0,0,0,4,1,0,false
/Users/danielogenrwot/Documents/Projects/roles-smells-metrics/src/bin/../../data/SourceProjects/Mobile/Telecine-1.6.2/telecine/src/main/java/com/jakewharton/telecine/OverlayView.java,com.jakewharton.telecine.OverlayView$Anonymous5,run/0,false,182,1,6,0,6,1,1,3,0,0,0,1,0,0,0,0,0,0,0,0,0,0,0,0,0,0,3,1,0,false
