file,class,method,variable,usage
/Users/danielogenrwot/Documents/Projects/roles-smells-metrics/src/bin/../../data/SourceProjects/Mobile/SeeWeather-2.03/app/src/main/java/com/xiecc/seeWeather/modules/db/DBManager.java,com.xiecc.seeWeather.modules.db.DBManager,getDatabase/0,database,1
/Users/danielogenrwot/Documents/Projects/roles-smells-metrics/src/bin/../../data/SourceProjects/Mobile/SeeWeather-2.03/app/src/main/java/com/xiecc/seeWeather/modules/db/DBManager.java,com.xiecc.seeWeather.modules.db.DBManager,setDatabase/1[com.xiecc.seeWeather.modules.db.SQLiteDatabase],database,3
/Users/danielogenrwot/Documents/Projects/roles-smells-metrics/src/bin/../../data/SourceProjects/Mobile/SeeWeather-2.03/app/src/main/java/com/xiecc/seeWeather/modules/db/DBManager.java,com.xiecc.seeWeather.modules.db.DBManager,openDatabase/0,DB_PATH,2
/Users/danielogenrwot/Documents/Projects/roles-smells-metrics/src/bin/../../data/SourceProjects/Mobile/SeeWeather-2.03/app/src/main/java/com/xiecc/seeWeather/modules/db/DBManager.java,com.xiecc.seeWeather.modules.db.DBManager,openDatabase/0,database,1
/Users/danielogenrwot/Documents/Projects/roles-smells-metrics/src/bin/../../data/SourceProjects/Mobile/SeeWeather-2.03/app/src/main/java/com/xiecc/seeWeather/modules/db/DBManager.java,com.xiecc.seeWeather.modules.db.DBManager,openDatabase/0,DB_NAME,2
/Users/danielogenrwot/Documents/Projects/roles-smells-metrics/src/bin/../../data/SourceProjects/Mobile/SeeWeather-2.03/app/src/main/java/com/xiecc/seeWeather/modules/db/DBManager.java,com.xiecc.seeWeather.modules.db.DBManager,openDatabase/0,TAG,1
/Users/danielogenrwot/Documents/Projects/roles-smells-metrics/src/bin/../../data/SourceProjects/Mobile/SeeWeather-2.03/app/src/main/java/com/xiecc/seeWeather/modules/db/DBManager.java,com.xiecc.seeWeather.modules.db.DBManager,closeDatabase/0,database,1
/Users/danielogenrwot/Documents/Projects/roles-smells-metrics/src/bin/../../data/SourceProjects/Mobile/SeeWeather-2.03/app/src/main/java/com/xiecc/seeWeather/modules/db/DBManager.java,com.xiecc.seeWeather.modules.db.DBManager,openDatabase/1[java.lang.String],context,1
/Users/danielogenrwot/Documents/Projects/roles-smells-metrics/src/bin/../../data/SourceProjects/Mobile/SeeWeather-2.03/app/src/main/java/com/xiecc/seeWeather/modules/db/DBManager.java,com.xiecc.seeWeather.modules.db.DBManager,openDatabase/1[java.lang.String],BUFFER_SIZE,1
/Users/danielogenrwot/Documents/Projects/roles-smells-metrics/src/bin/../../data/SourceProjects/Mobile/SeeWeather-2.03/app/src/main/java/com/xiecc/seeWeather/modules/db/DBManager.java,com.xiecc.seeWeather.modules.db.DBManager,DBManager/1[com.xiecc.seeWeather.modules.db.Context],context,3
/Users/danielogenrwot/Documents/Projects/roles-smells-metrics/src/bin/../../data/SourceProjects/Mobile/SeeWeather-2.03/app/src/main/java/com/xiecc/seeWeather/modules/domain/Setting.java,com.xiecc.seeWeather.modules.domain.Setting,Setting/1[com.xiecc.seeWeather.modules.domain.Context],mPrefs,1
/Users/danielogenrwot/Documents/Projects/roles-smells-metrics/src/bin/../../data/SourceProjects/Mobile/SeeWeather-2.03/app/src/main/java/com/xiecc/seeWeather/modules/domain/Setting.java,com.xiecc.seeWeather.modules.domain.Setting,"putString/2[java.lang.String,java.lang.String]",mPrefs,1
/Users/danielogenrwot/Documents/Projects/roles-smells-metrics/src/bin/../../data/SourceProjects/Mobile/SeeWeather-2.03/app/src/main/java/com/xiecc/seeWeather/modules/domain/Setting.java,com.xiecc.seeWeather.modules.domain.Setting,"putBoolean/2[java.lang.String,boolean]",mPrefs,1
/Users/danielogenrwot/Documents/Projects/roles-smells-metrics/src/bin/../../data/SourceProjects/Mobile/SeeWeather-2.03/app/src/main/java/com/xiecc/seeWeather/modules/domain/Setting.java,com.xiecc.seeWeather.modules.domain.Setting,getInstance/0,sInstance,3
/Users/danielogenrwot/Documents/Projects/roles-smells-metrics/src/bin/../../data/SourceProjects/Mobile/SeeWeather-2.03/app/src/main/java/com/xiecc/seeWeather/modules/domain/Setting.java,com.xiecc.seeWeather.modules.domain.Setting,"getBoolean/2[java.lang.String,boolean]",mPrefs,1
/Users/danielogenrwot/Documents/Projects/roles-smells-metrics/src/bin/../../data/SourceProjects/Mobile/SeeWeather-2.03/app/src/main/java/com/xiecc/seeWeather/modules/domain/Setting.java,com.xiecc.seeWeather.modules.domain.Setting,"putInt/2[java.lang.String,int]",mPrefs,1
/Users/danielogenrwot/Documents/Projects/roles-smells-metrics/src/bin/../../data/SourceProjects/Mobile/SeeWeather-2.03/app/src/main/java/com/xiecc/seeWeather/modules/domain/Setting.java,com.xiecc.seeWeather.modules.domain.Setting,"getString/2[java.lang.String,java.lang.String]",mPrefs,1
/Users/danielogenrwot/Documents/Projects/roles-smells-metrics/src/bin/../../data/SourceProjects/Mobile/SeeWeather-2.03/app/src/main/java/com/xiecc/seeWeather/modules/domain/Setting.java,com.xiecc.seeWeather.modules.domain.Setting,"getInt/2[java.lang.String,int]",mPrefs,1
/Users/danielogenrwot/Documents/Projects/roles-smells-metrics/src/bin/../../data/SourceProjects/Mobile/SeeWeather-2.03/app/src/main/java/com/xiecc/seeWeather/modules/db/WeatherDB.java,com.xiecc.seeWeather.modules.db.WeatherDB,WeatherDB/1[com.xiecc.seeWeather.modules.db.Context],context,3
/Users/danielogenrwot/Documents/Projects/roles-smells-metrics/src/bin/../../data/SourceProjects/Mobile/SeeWeather-2.03/app/src/main/java/com/xiecc/seeWeather/common/PLog.java,com.xiecc.seeWeather.common.PLog,delFile/0,PATH,1
/Users/danielogenrwot/Documents/Projects/roles-smells-metrics/src/bin/../../data/SourceProjects/Mobile/SeeWeather-2.03/app/src/main/java/com/xiecc/seeWeather/common/PLog.java,com.xiecc.seeWeather.common.PLog,delFile/0,PLOG_FILE_NAME,1
/Users/danielogenrwot/Documents/Projects/roles-smells-metrics/src/bin/../../data/SourceProjects/Mobile/SeeWeather-2.03/app/src/main/java/com/xiecc/seeWeather/common/PLog.java,com.xiecc.seeWeather.common.PLog,"i/2[java.lang.String,java.lang.String]",PLOG_WRITE_TO_FILE,1
/Users/danielogenrwot/Documents/Projects/roles-smells-metrics/src/bin/../../data/SourceProjects/Mobile/SeeWeather-2.03/app/src/main/java/com/xiecc/seeWeather/common/PLog.java,com.xiecc.seeWeather.common.PLog,"d/2[java.lang.String,java.lang.String]",PLOG_WRITE_TO_FILE,1
/Users/danielogenrwot/Documents/Projects/roles-smells-metrics/src/bin/../../data/SourceProjects/Mobile/SeeWeather-2.03/app/src/main/java/com/xiecc/seeWeather/common/PLog.java,com.xiecc.seeWeather.common.PLog,"writeLogtoFile/3[java.lang.String,java.lang.String,java.lang.String]",PATH,2
/Users/danielogenrwot/Documents/Projects/roles-smells-metrics/src/bin/../../data/SourceProjects/Mobile/SeeWeather-2.03/app/src/main/java/com/xiecc/seeWeather/common/PLog.java,com.xiecc.seeWeather.common.PLog,"writeLogtoFile/3[java.lang.String,java.lang.String,java.lang.String]",PLOG_FILE_NAME,1
/Users/danielogenrwot/Documents/Projects/roles-smells-metrics/src/bin/../../data/SourceProjects/Mobile/SeeWeather-2.03/app/src/main/java/com/xiecc/seeWeather/common/PLog.java,com.xiecc.seeWeather.common.PLog,"e/2[java.lang.String,java.lang.String]",PLOG_WRITE_TO_FILE,1
/Users/danielogenrwot/Documents/Projects/roles-smells-metrics/src/bin/../../data/SourceProjects/Mobile/SeeWeather-2.03/app/src/main/java/com/xiecc/seeWeather/common/PLog.java,com.xiecc.seeWeather.common.PLog,"w/2[java.lang.String,java.lang.String]",PLOG_WRITE_TO_FILE,1
/Users/danielogenrwot/Documents/Projects/roles-smells-metrics/src/bin/../../data/SourceProjects/Mobile/SeeWeather-2.03/app/src/main/java/com/xiecc/seeWeather/modules/adatper/WeatherAdapter.java,com.xiecc.seeWeather.modules.adatper.WeatherAdapter$SuggestionViewHolder,SuggestionViewHolder/1[com.xiecc.seeWeather.modules.adatper.View],clothTxt,1
/Users/danielogenrwot/Documents/Projects/roles-smells-metrics/src/bin/../../data/SourceProjects/Mobile/SeeWeather-2.03/app/src/main/java/com/xiecc/seeWeather/modules/adatper/WeatherAdapter.java,com.xiecc.seeWeather.modules.adatper.WeatherAdapter$SuggestionViewHolder,SuggestionViewHolder/1[com.xiecc.seeWeather.modules.adatper.View],travelTxt,1
/Users/danielogenrwot/Documents/Projects/roles-smells-metrics/src/bin/../../data/SourceProjects/Mobile/SeeWeather-2.03/app/src/main/java/com/xiecc/seeWeather/modules/adatper/WeatherAdapter.java,com.xiecc.seeWeather.modules.adatper.WeatherAdapter$SuggestionViewHolder,SuggestionViewHolder/1[com.xiecc.seeWeather.modules.adatper.View],cardView,2
/Users/danielogenrwot/Documents/Projects/roles-smells-metrics/src/bin/../../data/SourceProjects/Mobile/SeeWeather-2.03/app/src/main/java/com/xiecc/seeWeather/modules/adatper/WeatherAdapter.java,com.xiecc.seeWeather.modules.adatper.WeatherAdapter$SuggestionViewHolder,SuggestionViewHolder/1[com.xiecc.seeWeather.modules.adatper.View],sportBrief,1
/Users/danielogenrwot/Documents/Projects/roles-smells-metrics/src/bin/../../data/SourceProjects/Mobile/SeeWeather-2.03/app/src/main/java/com/xiecc/seeWeather/modules/adatper/WeatherAdapter.java,com.xiecc.seeWeather.modules.adatper.WeatherAdapter$SuggestionViewHolder,SuggestionViewHolder/1[com.xiecc.seeWeather.modules.adatper.View],travelBrief,1
/Users/danielogenrwot/Documents/Projects/roles-smells-metrics/src/bin/../../data/SourceProjects/Mobile/SeeWeather-2.03/app/src/main/java/com/xiecc/seeWeather/modules/adatper/WeatherAdapter.java,com.xiecc.seeWeather.modules.adatper.WeatherAdapter$SuggestionViewHolder,SuggestionViewHolder/1[com.xiecc.seeWeather.modules.adatper.View],fluTxt,1
/Users/danielogenrwot/Documents/Projects/roles-smells-metrics/src/bin/../../data/SourceProjects/Mobile/SeeWeather-2.03/app/src/main/java/com/xiecc/seeWeather/modules/adatper/WeatherAdapter.java,com.xiecc.seeWeather.modules.adatper.WeatherAdapter$SuggestionViewHolder,SuggestionViewHolder/1[com.xiecc.seeWeather.modules.adatper.View],clothBrief,1
/Users/danielogenrwot/Documents/Projects/roles-smells-metrics/src/bin/../../data/SourceProjects/Mobile/SeeWeather-2.03/app/src/main/java/com/xiecc/seeWeather/modules/adatper/WeatherAdapter.java,com.xiecc.seeWeather.modules.adatper.WeatherAdapter$SuggestionViewHolder,SuggestionViewHolder/1[com.xiecc.seeWeather.modules.adatper.View],sportTxt,1
/Users/danielogenrwot/Documents/Projects/roles-smells-metrics/src/bin/../../data/SourceProjects/Mobile/SeeWeather-2.03/app/src/main/java/com/xiecc/seeWeather/modules/adatper/WeatherAdapter.java,com.xiecc.seeWeather.modules.adatper.WeatherAdapter$SuggestionViewHolder,SuggestionViewHolder/1[com.xiecc.seeWeather.modules.adatper.View],fluBrief,1
/Users/danielogenrwot/Documents/Projects/roles-smells-metrics/src/bin/../../data/SourceProjects/Mobile/SeeWeather-2.03/app/src/main/java/com/xiecc/seeWeather/component/RetrofitSingleton.java,com.xiecc.seeWeather.component.RetrofitSingleton,getApiService/1[com.xiecc.seeWeather.component.Context],apiService,2
/Users/danielogenrwot/Documents/Projects/roles-smells-metrics/src/bin/../../data/SourceProjects/Mobile/SeeWeather-2.03/app/src/main/java/com/xiecc/seeWeather/component/RetrofitSingleton.java,com.xiecc.seeWeather.component.RetrofitSingleton,getApiService/1[com.xiecc.seeWeather.component.Context],context,3
/Users/danielogenrwot/Documents/Projects/roles-smells-metrics/src/bin/../../data/SourceProjects/Mobile/SeeWeather-2.03/app/src/main/java/com/xiecc/seeWeather/component/RetrofitSingleton.java,com.xiecc.seeWeather.component.RetrofitSingleton,"disposeFailureInfo/3[java.lang.Throwable,com.xiecc.seeWeather.component.Context,com.xiecc.seeWeather.component.View]",context,2
/Users/danielogenrwot/Documents/Projects/roles-smells-metrics/src/bin/../../data/SourceProjects/Mobile/SeeWeather-2.03/app/src/main/java/com/xiecc/seeWeather/component/RetrofitSingleton.java,com.xiecc.seeWeather.component.RetrofitSingleton,"disposeFailureInfo/3[java.lang.Throwable,com.xiecc.seeWeather.component.Context,com.xiecc.seeWeather.component.View]",TAG,1
/Users/danielogenrwot/Documents/Projects/roles-smells-metrics/src/bin/../../data/SourceProjects/Mobile/SeeWeather-2.03/app/src/main/java/com/xiecc/seeWeather/component/RetrofitSingleton.java,com.xiecc.seeWeather.component.RetrofitSingleton,init/1[com.xiecc.seeWeather.component.Context],retrofit,2
/Users/danielogenrwot/Documents/Projects/roles-smells-metrics/src/bin/../../data/SourceProjects/Mobile/SeeWeather-2.03/app/src/main/java/com/xiecc/seeWeather/component/RetrofitSingleton.java,com.xiecc.seeWeather.component.RetrofitSingleton,init/1[com.xiecc.seeWeather.component.Context],apiService,1
/Users/danielogenrwot/Documents/Projects/roles-smells-metrics/src/bin/../../data/SourceProjects/Mobile/SeeWeather-2.03/app/src/main/java/com/xiecc/seeWeather/component/RetrofitSingleton.java,com.xiecc.seeWeather.component.RetrofitSingleton,init/1[com.xiecc.seeWeather.component.Context],context,1
/Users/danielogenrwot/Documents/Projects/roles-smells-metrics/src/bin/../../data/SourceProjects/Mobile/SeeWeather-2.03/app/src/main/java/com/xiecc/seeWeather/component/RetrofitSingleton.java,com.xiecc.seeWeather.component.RetrofitSingleton,getRetrofit/1[com.xiecc.seeWeather.component.Context],retrofit,2
/Users/danielogenrwot/Documents/Projects/roles-smells-metrics/src/bin/../../data/SourceProjects/Mobile/SeeWeather-2.03/app/src/main/java/com/xiecc/seeWeather/component/RetrofitSingleton.java,com.xiecc.seeWeather.component.RetrofitSingleton,getRetrofit/1[com.xiecc.seeWeather.component.Context],context,3
/Users/danielogenrwot/Documents/Projects/roles-smells-metrics/src/bin/../../data/SourceProjects/Mobile/SeeWeather-2.03/app/src/main/java/com/xiecc/seeWeather/component/RetrofitSingleton.java,com.xiecc.seeWeather.component.RetrofitSingleton,getOkHttpClient/1[com.xiecc.seeWeather.component.Context],context,3
/Users/danielogenrwot/Documents/Projects/roles-smells-metrics/src/bin/../../data/SourceProjects/Mobile/SeeWeather-2.03/app/src/main/java/com/xiecc/seeWeather/component/RetrofitSingleton.java,com.xiecc.seeWeather.component.RetrofitSingleton,getOkHttpClient/1[com.xiecc.seeWeather.component.Context],okHttpClient,2
/Users/danielogenrwot/Documents/Projects/roles-smells-metrics/src/bin/../../data/SourceProjects/Mobile/SeeWeather-2.03/app/src/main/java/com/xiecc/seeWeather/modules/ui/setting/SettingFragment.java,com.xiecc.seeWeather.modules.ui.setting.SettingFragment,showIconDialog/0,mSetting,1
/Users/danielogenrwot/Documents/Projects/roles-smells-metrics/src/bin/../../data/SourceProjects/Mobile/SeeWeather-2.03/app/src/main/java/com/xiecc/seeWeather/modules/ui/setting/SettingFragment.java,com.xiecc.seeWeather.modules.ui.setting.SettingFragment,onPreferenceClick/1[com.xiecc.seeWeather.modules.ui.setting.Preference],mACache,1
/Users/danielogenrwot/Documents/Projects/roles-smells-metrics/src/bin/../../data/SourceProjects/Mobile/SeeWeather-2.03/app/src/main/java/com/xiecc/seeWeather/modules/ui/setting/SettingFragment.java,com.xiecc.seeWeather.modules.ui.setting.SettingFragment,onPreferenceClick/1[com.xiecc.seeWeather.modules.ui.setting.Preference],mClearCache,2
/Users/danielogenrwot/Documents/Projects/roles-smells-metrics/src/bin/../../data/SourceProjects/Mobile/SeeWeather-2.03/app/src/main/java/com/xiecc/seeWeather/modules/ui/setting/SettingFragment.java,com.xiecc.seeWeather.modules.ui.setting.SettingFragment,onPreferenceClick/1[com.xiecc.seeWeather.modules.ui.setting.Preference],mChangeUpdate,1
/Users/danielogenrwot/Documents/Projects/roles-smells-metrics/src/bin/../../data/SourceProjects/Mobile/SeeWeather-2.03/app/src/main/java/com/xiecc/seeWeather/modules/ui/setting/SettingFragment.java,com.xiecc.seeWeather.modules.ui.setting.SettingFragment,onPreferenceClick/1[com.xiecc.seeWeather.modules.ui.setting.Preference],mChangeIcons,1
/Users/danielogenrwot/Documents/Projects/roles-smells-metrics/src/bin/../../data/SourceProjects/Mobile/SeeWeather-2.03/app/src/main/java/com/xiecc/seeWeather/modules/ui/setting/SettingFragment.java,com.xiecc.seeWeather.modules.ui.setting.SettingFragment,showUpdateDialog/0,mSetting,1
/Users/danielogenrwot/Documents/Projects/roles-smells-metrics/src/bin/../../data/SourceProjects/Mobile/SeeWeather-2.03/app/src/main/java/com/xiecc/seeWeather/modules/ui/setting/SettingFragment.java,com.xiecc.seeWeather.modules.ui.setting.SettingFragment,onCreate/1[com.xiecc.seeWeather.modules.ui.setting.Bundle],mACache,1
/Users/danielogenrwot/Documents/Projects/roles-smells-metrics/src/bin/../../data/SourceProjects/Mobile/SeeWeather-2.03/app/src/main/java/com/xiecc/seeWeather/modules/ui/setting/SettingFragment.java,com.xiecc.seeWeather.modules.ui.setting.SettingFragment,onCreate/1[com.xiecc.seeWeather.modules.ui.setting.Bundle],mClearCache,3
/Users/danielogenrwot/Documents/Projects/roles-smells-metrics/src/bin/../../data/SourceProjects/Mobile/SeeWeather-2.03/app/src/main/java/com/xiecc/seeWeather/modules/ui/setting/SettingFragment.java,com.xiecc.seeWeather.modules.ui.setting.SettingFragment,onCreate/1[com.xiecc.seeWeather.modules.ui.setting.Bundle],mSetting,3
/Users/danielogenrwot/Documents/Projects/roles-smells-metrics/src/bin/../../data/SourceProjects/Mobile/SeeWeather-2.03/app/src/main/java/com/xiecc/seeWeather/modules/ui/setting/SettingFragment.java,com.xiecc.seeWeather.modules.ui.setting.SettingFragment,onCreate/1[com.xiecc.seeWeather.modules.ui.setting.Bundle],mChangeUpdate,3
/Users/danielogenrwot/Documents/Projects/roles-smells-metrics/src/bin/../../data/SourceProjects/Mobile/SeeWeather-2.03/app/src/main/java/com/xiecc/seeWeather/modules/ui/setting/SettingFragment.java,com.xiecc.seeWeather.modules.ui.setting.SettingFragment,onCreate/1[com.xiecc.seeWeather.modules.ui.setting.Bundle],mChangeIcons,3
/Users/danielogenrwot/Documents/Projects/roles-smells-metrics/src/bin/../../data/SourceProjects/Mobile/SeeWeather-2.03/app/src/main/java/com/xiecc/seeWeather/base/BaseActivity.java,com.xiecc.seeWeather.base.BaseActivity,onCreate/1[com.xiecc.seeWeather.base.Bundle],aCache,1
/Users/danielogenrwot/Documents/Projects/roles-smells-metrics/src/bin/../../data/SourceProjects/Mobile/SeeWeather-2.03/app/src/main/java/com/xiecc/seeWeather/base/BaseActivity.java,com.xiecc.seeWeather.base.BaseActivity,onCreate/1[com.xiecc.seeWeather.base.Bundle],mSetting,1
/Users/danielogenrwot/Documents/Projects/roles-smells-metrics/src/bin/../../data/SourceProjects/Mobile/SeeWeather-2.03/app/src/main/java/com/xiecc/seeWeather/common/CrashHandler.java,com.xiecc.seeWeather.common.CrashHandler,"uncaughtException/2[java.lang.Thread,java.lang.Throwable]",defaultHandler,1
/Users/danielogenrwot/Documents/Projects/roles-smells-metrics/src/bin/../../data/SourceProjects/Mobile/SeeWeather-2.03/app/src/main/java/com/xiecc/seeWeather/common/CrashHandler.java,com.xiecc.seeWeather.common.CrashHandler,"uncaughtException/2[java.lang.Thread,java.lang.Throwable]",TAG,3
/Users/danielogenrwot/Documents/Projects/roles-smells-metrics/src/bin/../../data/SourceProjects/Mobile/SeeWeather-2.03/app/src/main/java/com/xiecc/seeWeather/common/CrashHandler.java,com.xiecc.seeWeather.common.CrashHandler,getVersionName/0,context,2
/Users/danielogenrwot/Documents/Projects/roles-smells-metrics/src/bin/../../data/SourceProjects/Mobile/SeeWeather-2.03/app/src/main/java/com/xiecc/seeWeather/common/CrashHandler.java,com.xiecc.seeWeather.common.CrashHandler,CrashHandler/1[com.xiecc.seeWeather.common.Context],context,3
/Users/danielogenrwot/Documents/Projects/roles-smells-metrics/src/bin/../../data/SourceProjects/Mobile/SeeWeather-2.03/app/src/main/java/com/xiecc/seeWeather/common/CrashHandler.java,com.xiecc.seeWeather.common.CrashHandler,init/1[com.xiecc.seeWeather.common.CrashHandler],defaultHandler,1
/Users/danielogenrwot/Documents/Projects/roles-smells-metrics/src/bin/../../data/SourceProjects/Mobile/SeeWeather-2.03/app/src/main/java/com/xiecc/seeWeather/modules/adatper/CityAdapter.java,com.xiecc.seeWeather.modules.adatper.CityAdapter,"CityAdapter/2[com.xiecc.seeWeather.modules.adatper.Context,java.util.ArrayList<java.lang.String>]",dataList,3
/Users/danielogenrwot/Documents/Projects/roles-smells-metrics/src/bin/../../data/SourceProjects/Mobile/SeeWeather-2.03/app/src/main/java/com/xiecc/seeWeather/modules/adatper/CityAdapter.java,com.xiecc.seeWeather.modules.adatper.CityAdapter,"CityAdapter/2[com.xiecc.seeWeather.modules.adatper.Context,java.util.ArrayList<java.lang.String>]",mContext,1
/Users/danielogenrwot/Documents/Projects/roles-smells-metrics/src/bin/../../data/SourceProjects/Mobile/SeeWeather-2.03/app/src/main/java/com/xiecc/seeWeather/modules/adatper/CityAdapter.java,com.xiecc.seeWeather.modules.adatper.CityAdapter,"onBindViewHolder/2[com.xiecc.seeWeather.modules.adatper.CityAdapter.CityViewHolder,int]",dataList,1
/Users/danielogenrwot/Documents/Projects/roles-smells-metrics/src/bin/../../data/SourceProjects/Mobile/SeeWeather-2.03/app/src/main/java/com/xiecc/seeWeather/modules/adatper/CityAdapter.java,com.xiecc.seeWeather.modules.adatper.CityAdapter,setOnItemClickListener/1[com.xiecc.seeWeather.modules.adatper.CityAdapter.OnRecyclerViewItemClickListener],mOnItemClickListener,1
/Users/danielogenrwot/Documents/Projects/roles-smells-metrics/src/bin/../../data/SourceProjects/Mobile/SeeWeather-2.03/app/src/main/java/com/xiecc/seeWeather/modules/adatper/CityAdapter.java,com.xiecc.seeWeather.modules.adatper.CityAdapter,"onCreateViewHolder/2[com.xiecc.seeWeather.modules.adatper.ViewGroup,int]",mContext,1
/Users/danielogenrwot/Documents/Projects/roles-smells-metrics/src/bin/../../data/SourceProjects/Mobile/SeeWeather-2.03/app/src/main/java/com/xiecc/seeWeather/modules/adatper/CityAdapter.java,com.xiecc.seeWeather.modules.adatper.CityAdapter,getItemCount/0,dataList,1
/Users/danielogenrwot/Documents/Projects/roles-smells-metrics/src/bin/../../data/SourceProjects/Mobile/SeeWeather-2.03/app/src/main/java/com/xiecc/seeWeather/modules/ui/MainActivity.java,com.xiecc.seeWeather.modules.ui.MainActivity,onBackPressed/0,exitTime,2
/Users/danielogenrwot/Documents/Projects/roles-smells-metrics/src/bin/../../data/SourceProjects/Mobile/SeeWeather-2.03/app/src/main/java/com/xiecc/seeWeather/modules/ui/MainActivity.java,com.xiecc.seeWeather.modules.ui.MainActivity,onBackPressed/0,fab,1
/Users/danielogenrwot/Documents/Projects/roles-smells-metrics/src/bin/../../data/SourceProjects/Mobile/SeeWeather-2.03/app/src/main/java/com/xiecc/seeWeather/modules/ui/MainActivity.java,com.xiecc.seeWeather.modules.ui.MainActivity,onBackPressed/0,drawer,2
/Users/danielogenrwot/Documents/Projects/roles-smells-metrics/src/bin/../../data/SourceProjects/Mobile/SeeWeather-2.03/app/src/main/java/com/xiecc/seeWeather/modules/ui/MainActivity.java,com.xiecc.seeWeather.modules.ui.MainActivity,location/0,mLocationOption,8
/Users/danielogenrwot/Documents/Projects/roles-smells-metrics/src/bin/../../data/SourceProjects/Mobile/SeeWeather-2.03/app/src/main/java/com/xiecc/seeWeather/modules/ui/MainActivity.java,com.xiecc.seeWeather.modules.ui.MainActivity,location/0,mLocationClient,4
/Users/danielogenrwot/Documents/Projects/roles-smells-metrics/src/bin/../../data/SourceProjects/Mobile/SeeWeather-2.03/app/src/main/java/com/xiecc/seeWeather/modules/ui/MainActivity.java,com.xiecc.seeWeather.modules.ui.MainActivity,onLocationChanged/1[com.xiecc.seeWeather.modules.ui.AMapLocation],isLoaction,1
/Users/danielogenrwot/Documents/Projects/roles-smells-metrics/src/bin/../../data/SourceProjects/Mobile/SeeWeather-2.03/app/src/main/java/com/xiecc/seeWeather/modules/ui/MainActivity.java,com.xiecc.seeWeather.modules.ui.MainActivity,onLocationChanged/1[com.xiecc.seeWeather.modules.ui.AMapLocation],TAG,1
/Users/danielogenrwot/Documents/Projects/roles-smells-metrics/src/bin/../../data/SourceProjects/Mobile/SeeWeather-2.03/app/src/main/java/com/xiecc/seeWeather/modules/ui/MainActivity.java,com.xiecc.seeWeather.modules.ui.MainActivity,initDrawer/0,toolbar,1
/Users/danielogenrwot/Documents/Projects/roles-smells-metrics/src/bin/../../data/SourceProjects/Mobile/SeeWeather-2.03/app/src/main/java/com/xiecc/seeWeather/modules/ui/MainActivity.java,com.xiecc.seeWeather.modules.ui.MainActivity,initDrawer/0,headerBackground,2
/Users/danielogenrwot/Documents/Projects/roles-smells-metrics/src/bin/../../data/SourceProjects/Mobile/SeeWeather-2.03/app/src/main/java/com/xiecc/seeWeather/modules/ui/MainActivity.java,com.xiecc.seeWeather.modules.ui.MainActivity,initDrawer/0,drawer,3
/Users/danielogenrwot/Documents/Projects/roles-smells-metrics/src/bin/../../data/SourceProjects/Mobile/SeeWeather-2.03/app/src/main/java/com/xiecc/seeWeather/modules/ui/MainActivity.java,com.xiecc.seeWeather.modules.ui.MainActivity,onRefresh/0,observer,1
/Users/danielogenrwot/Documents/Projects/roles-smells-metrics/src/bin/../../data/SourceProjects/Mobile/SeeWeather-2.03/app/src/main/java/com/xiecc/seeWeather/modules/ui/MainActivity.java,com.xiecc.seeWeather.modules.ui.MainActivity,fetchDataByNetWork/1[com.xiecc.seeWeather.modules.ui.Observer<com.xiecc.seeWeather.modules.domain.Weather>],observer,2
/Users/danielogenrwot/Documents/Projects/roles-smells-metrics/src/bin/../../data/SourceProjects/Mobile/SeeWeather-2.03/app/src/main/java/com/xiecc/seeWeather/modules/ui/MainActivity.java,com.xiecc.seeWeather.modules.ui.MainActivity,initView/0,toolbar,3
/Users/danielogenrwot/Documents/Projects/roles-smells-metrics/src/bin/../../data/SourceProjects/Mobile/SeeWeather-2.03/app/src/main/java/com/xiecc/seeWeather/modules/ui/MainActivity.java,com.xiecc.seeWeather.modules.ui.MainActivity,initView/0,bannner,3
/Users/danielogenrwot/Documents/Projects/roles-smells-metrics/src/bin/../../data/SourceProjects/Mobile/SeeWeather-2.03/app/src/main/java/com/xiecc/seeWeather/modules/ui/MainActivity.java,com.xiecc.seeWeather.modules.ui.MainActivity,initView/0,fab,4
/Users/danielogenrwot/Documents/Projects/roles-smells-metrics/src/bin/../../data/SourceProjects/Mobile/SeeWeather-2.03/app/src/main/java/com/xiecc/seeWeather/modules/ui/MainActivity.java,com.xiecc.seeWeather.modules.ui.MainActivity,initView/0,mProgressBar,2
/Users/danielogenrwot/Documents/Projects/roles-smells-metrics/src/bin/../../data/SourceProjects/Mobile/SeeWeather-2.03/app/src/main/java/com/xiecc/seeWeather/modules/ui/MainActivity.java,com.xiecc.seeWeather.modules.ui.MainActivity,initView/0,mRefreshLayout,2
/Users/danielogenrwot/Documents/Projects/roles-smells-metrics/src/bin/../../data/SourceProjects/Mobile/SeeWeather-2.03/app/src/main/java/com/xiecc/seeWeather/modules/ui/MainActivity.java,com.xiecc.seeWeather.modules.ui.MainActivity,initView/0,mRecyclerView,4
/Users/danielogenrwot/Documents/Projects/roles-smells-metrics/src/bin/../../data/SourceProjects/Mobile/SeeWeather-2.03/app/src/main/java/com/xiecc/seeWeather/modules/ui/MainActivity.java,com.xiecc.seeWeather.modules.ui.MainActivity,initView/0,collapsingToolbarLayout,3
/Users/danielogenrwot/Documents/Projects/roles-smells-metrics/src/bin/../../data/SourceProjects/Mobile/SeeWeather-2.03/app/src/main/java/com/xiecc/seeWeather/modules/ui/MainActivity.java,com.xiecc.seeWeather.modules.ui.MainActivity,onNavigationItemSelected/1[com.xiecc.seeWeather.modules.ui.MenuItem],drawer,1
/Users/danielogenrwot/Documents/Projects/roles-smells-metrics/src/bin/../../data/SourceProjects/Mobile/SeeWeather-2.03/app/src/main/java/com/xiecc/seeWeather/modules/ui/MainActivity.java,com.xiecc.seeWeather.modules.ui.MainActivity,fetchDataByCache/1[com.xiecc.seeWeather.modules.ui.Observer<com.xiecc.seeWeather.modules.domain.Weather>],observer,3
/Users/danielogenrwot/Documents/Projects/roles-smells-metrics/src/bin/../../data/SourceProjects/Mobile/SeeWeather-2.03/app/src/main/java/com/xiecc/seeWeather/modules/ui/MainActivity.java,com.xiecc.seeWeather.modules.ui.MainActivity,fetchDataByCache/1[com.xiecc.seeWeather.modules.ui.Observer<com.xiecc.seeWeather.modules.domain.Weather>],TAG,1
/Users/danielogenrwot/Documents/Projects/roles-smells-metrics/src/bin/../../data/SourceProjects/Mobile/SeeWeather-2.03/app/src/main/java/com/xiecc/seeWeather/modules/ui/MainActivity.java,com.xiecc.seeWeather.modules.ui.MainActivity,fetchData/0,observer,2
/Users/danielogenrwot/Documents/Projects/roles-smells-metrics/src/bin/../../data/SourceProjects/Mobile/SeeWeather-2.03/app/src/main/java/com/xiecc/seeWeather/modules/ui/MainActivity.java,com.xiecc.seeWeather.modules.ui.MainActivity,"onActivityResult/3[int,int,com.xiecc.seeWeather.modules.ui.Intent]",observer,1
/Users/danielogenrwot/Documents/Projects/roles-smells-metrics/src/bin/../../data/SourceProjects/Mobile/SeeWeather-2.03/app/src/main/java/com/xiecc/seeWeather/modules/ui/MainActivity.java,com.xiecc.seeWeather.modules.ui.MainActivity,onCreate/1[com.xiecc.seeWeather.modules.ui.Bundle],fab,1
/Users/danielogenrwot/Documents/Projects/roles-smells-metrics/src/bin/../../data/SourceProjects/Mobile/SeeWeather-2.03/app/src/main/java/com/xiecc/seeWeather/modules/ui/MainActivity.java,com.xiecc.seeWeather.modules.ui.MainActivity,onCreate/1[com.xiecc.seeWeather.modules.ui.Bundle],isLoaction,1
/Users/danielogenrwot/Documents/Projects/roles-smells-metrics/src/bin/../../data/SourceProjects/Mobile/SeeWeather-2.03/app/src/main/java/com/xiecc/seeWeather/modules/ui/ChoiceCityActivity.java,com.xiecc.seeWeather.modules.ui.ChoiceCityActivity,onDestroy/0,mDBManager,1
/Users/danielogenrwot/Documents/Projects/roles-smells-metrics/src/bin/../../data/SourceProjects/Mobile/SeeWeather-2.03/app/src/main/java/com/xiecc/seeWeather/modules/ui/ChoiceCityActivity.java,com.xiecc.seeWeather.modules.ui.ChoiceCityActivity,initView/0,mProgressBar,2
/Users/danielogenrwot/Documents/Projects/roles-smells-metrics/src/bin/../../data/SourceProjects/Mobile/SeeWeather-2.03/app/src/main/java/com/xiecc/seeWeather/modules/ui/ChoiceCityActivity.java,com.xiecc.seeWeather.modules.ui.ChoiceCityActivity,initView/0,collapsingToolbarLayout,2
/Users/danielogenrwot/Documents/Projects/roles-smells-metrics/src/bin/../../data/SourceProjects/Mobile/SeeWeather-2.03/app/src/main/java/com/xiecc/seeWeather/modules/ui/ChoiceCityActivity.java,com.xiecc.seeWeather.modules.ui.ChoiceCityActivity,"onKeyDown/2[int,com.xiecc.seeWeather.modules.ui.KeyEvent]",currentLevel,1
/Users/danielogenrwot/Documents/Projects/roles-smells-metrics/src/bin/../../data/SourceProjects/Mobile/SeeWeather-2.03/app/src/main/java/com/xiecc/seeWeather/modules/ui/ChoiceCityActivity.java,com.xiecc.seeWeather.modules.ui.ChoiceCityActivity,"onKeyDown/2[int,com.xiecc.seeWeather.modules.ui.KeyEvent]",mRecyclerView,1
/Users/danielogenrwot/Documents/Projects/roles-smells-metrics/src/bin/../../data/SourceProjects/Mobile/SeeWeather-2.03/app/src/main/java/com/xiecc/seeWeather/modules/ui/ChoiceCityActivity.java,com.xiecc.seeWeather.modules.ui.ChoiceCityActivity,"onKeyDown/2[int,com.xiecc.seeWeather.modules.ui.KeyEvent]",LEVEL_PROVINCE,1
/Users/danielogenrwot/Documents/Projects/roles-smells-metrics/src/bin/../../data/SourceProjects/Mobile/SeeWeather-2.03/app/src/main/java/com/xiecc/seeWeather/modules/ui/ChoiceCityActivity.java,com.xiecc.seeWeather.modules.ui.ChoiceCityActivity,initRecyclerView/0,mAdapter,3
/Users/danielogenrwot/Documents/Projects/roles-smells-metrics/src/bin/../../data/SourceProjects/Mobile/SeeWeather-2.03/app/src/main/java/com/xiecc/seeWeather/modules/ui/ChoiceCityActivity.java,com.xiecc.seeWeather.modules.ui.ChoiceCityActivity,initRecyclerView/0,dataList,1
/Users/danielogenrwot/Documents/Projects/roles-smells-metrics/src/bin/../../data/SourceProjects/Mobile/SeeWeather-2.03/app/src/main/java/com/xiecc/seeWeather/modules/ui/ChoiceCityActivity.java,com.xiecc.seeWeather.modules.ui.ChoiceCityActivity,initRecyclerView/0,mRecyclerView,4
/Users/danielogenrwot/Documents/Projects/roles-smells-metrics/src/bin/../../data/SourceProjects/Mobile/SeeWeather-2.03/app/src/main/java/com/xiecc/seeWeather/modules/ui/ChoiceCityActivity.java,com.xiecc.seeWeather.modules.ui.ChoiceCityActivity,onCreate/1[com.xiecc.seeWeather.modules.ui.Bundle],mWeatherDB,1
/Users/danielogenrwot/Documents/Projects/roles-smells-metrics/src/bin/../../data/SourceProjects/Mobile/SeeWeather-2.03/app/src/main/java/com/xiecc/seeWeather/modules/ui/ChoiceCityActivity.java,com.xiecc.seeWeather.modules.ui.ChoiceCityActivity,onCreate/1[com.xiecc.seeWeather.modules.ui.Bundle],mDBManager,2
/Users/danielogenrwot/Documents/Projects/roles-smells-metrics/src/bin/../../data/SourceProjects/Mobile/SeeWeather-2.03/app/src/main/java/com/xiecc/seeWeather/modules/ui/ChoiceCityActivity.java,com.xiecc.seeWeather.modules.ui.ChoiceCityActivity,queryProvinces/0,collapsingToolbarLayout,1
/Users/danielogenrwot/Documents/Projects/roles-smells-metrics/src/bin/../../data/SourceProjects/Mobile/SeeWeather-2.03/app/src/main/java/com/xiecc/seeWeather/modules/ui/ChoiceCityActivity.java,com.xiecc.seeWeather.modules.ui.ChoiceCityActivity,queryCities/0,dataList,1
/Users/danielogenrwot/Documents/Projects/roles-smells-metrics/src/bin/../../data/SourceProjects/Mobile/SeeWeather-2.03/app/src/main/java/com/xiecc/seeWeather/modules/ui/ChoiceCityActivity.java,com.xiecc.seeWeather.modules.ui.ChoiceCityActivity,queryCities/0,collapsingToolbarLayout,1
/Users/danielogenrwot/Documents/Projects/roles-smells-metrics/src/bin/../../data/SourceProjects/Mobile/SeeWeather-2.03/app/src/main/java/com/xiecc/seeWeather/common/FileSizeUtil.java,com.xiecc.seeWeather.common.FileSizeUtil,"FormetFileSize/2[long,int]",SIZETYPE_KB,1
/Users/danielogenrwot/Documents/Projects/roles-smells-metrics/src/bin/../../data/SourceProjects/Mobile/SeeWeather-2.03/app/src/main/java/com/xiecc/seeWeather/common/FileSizeUtil.java,com.xiecc.seeWeather.common.FileSizeUtil,"FormetFileSize/2[long,int]",SIZETYPE_B,1
/Users/danielogenrwot/Documents/Projects/roles-smells-metrics/src/bin/../../data/SourceProjects/Mobile/SeeWeather-2.03/app/src/main/java/com/xiecc/seeWeather/common/FileSizeUtil.java,com.xiecc.seeWeather.common.FileSizeUtil,"FormetFileSize/2[long,int]",SIZETYPE_MB,1
/Users/danielogenrwot/Documents/Projects/roles-smells-metrics/src/bin/../../data/SourceProjects/Mobile/SeeWeather-2.03/app/src/main/java/com/xiecc/seeWeather/common/FileSizeUtil.java,com.xiecc.seeWeather.common.FileSizeUtil,"FormetFileSize/2[long,int]",SIZETYPE_GB,1
/Users/danielogenrwot/Documents/Projects/roles-smells-metrics/src/bin/../../data/SourceProjects/Mobile/SeeWeather-2.03/app/src/main/java/com/xiecc/seeWeather/modules/ui/about/AboutFragment.java,com.xiecc.seeWeather.modules.ui.about.AboutFragment,onPreferenceClick/1[com.xiecc.seeWeather.modules.ui.about.Preference],mShare,1
/Users/danielogenrwot/Documents/Projects/roles-smells-metrics/src/bin/../../data/SourceProjects/Mobile/SeeWeather-2.03/app/src/main/java/com/xiecc/seeWeather/modules/ui/about/AboutFragment.java,com.xiecc.seeWeather.modules.ui.about.AboutFragment,onPreferenceClick/1[com.xiecc.seeWeather.modules.ui.about.Preference],mEmail,2
/Users/danielogenrwot/Documents/Projects/roles-smells-metrics/src/bin/../../data/SourceProjects/Mobile/SeeWeather-2.03/app/src/main/java/com/xiecc/seeWeather/modules/ui/about/AboutFragment.java,com.xiecc.seeWeather.modules.ui.about.AboutFragment,onPreferenceClick/1[com.xiecc.seeWeather.modules.ui.about.Preference],mCheckVersion,1
/Users/danielogenrwot/Documents/Projects/roles-smells-metrics/src/bin/../../data/SourceProjects/Mobile/SeeWeather-2.03/app/src/main/java/com/xiecc/seeWeather/modules/ui/about/AboutFragment.java,com.xiecc.seeWeather.modules.ui.about.AboutFragment,onPreferenceClick/1[com.xiecc.seeWeather.modules.ui.about.Preference],mVersion,1
/Users/danielogenrwot/Documents/Projects/roles-smells-metrics/src/bin/../../data/SourceProjects/Mobile/SeeWeather-2.03/app/src/main/java/com/xiecc/seeWeather/modules/ui/about/AboutFragment.java,com.xiecc.seeWeather.modules.ui.about.AboutFragment,onPreferenceClick/1[com.xiecc.seeWeather.modules.ui.about.Preference],mStar,1
/Users/danielogenrwot/Documents/Projects/roles-smells-metrics/src/bin/../../data/SourceProjects/Mobile/SeeWeather-2.03/app/src/main/java/com/xiecc/seeWeather/modules/ui/about/AboutFragment.java,com.xiecc.seeWeather.modules.ui.about.AboutFragment,onPreferenceClick/1[com.xiecc.seeWeather.modules.ui.about.Preference],mBolg,2
/Users/danielogenrwot/Documents/Projects/roles-smells-metrics/src/bin/../../data/SourceProjects/Mobile/SeeWeather-2.03/app/src/main/java/com/xiecc/seeWeather/modules/ui/about/AboutFragment.java,com.xiecc.seeWeather.modules.ui.about.AboutFragment,onPreferenceClick/1[com.xiecc.seeWeather.modules.ui.about.Preference],mEncounrage,1
/Users/danielogenrwot/Documents/Projects/roles-smells-metrics/src/bin/../../data/SourceProjects/Mobile/SeeWeather-2.03/app/src/main/java/com/xiecc/seeWeather/modules/ui/about/AboutFragment.java,com.xiecc.seeWeather.modules.ui.about.AboutFragment,onPreferenceClick/1[com.xiecc.seeWeather.modules.ui.about.Preference],mGithub,2
/Users/danielogenrwot/Documents/Projects/roles-smells-metrics/src/bin/../../data/SourceProjects/Mobile/SeeWeather-2.03/app/src/main/java/com/xiecc/seeWeather/modules/ui/about/AboutFragment.java,com.xiecc.seeWeather.modules.ui.about.AboutFragment,onPreferenceClick/1[com.xiecc.seeWeather.modules.ui.about.Preference],mIntroduction,1
/Users/danielogenrwot/Documents/Projects/roles-smells-metrics/src/bin/../../data/SourceProjects/Mobile/SeeWeather-2.03/app/src/main/java/com/xiecc/seeWeather/modules/ui/about/AboutFragment.java,com.xiecc.seeWeather.modules.ui.about.AboutFragment,onCreate/1[com.xiecc.seeWeather.modules.ui.about.Bundle],mVersion,3
/Users/danielogenrwot/Documents/Projects/roles-smells-metrics/src/bin/../../data/SourceProjects/Mobile/SeeWeather-2.03/app/src/main/java/com/xiecc/seeWeather/modules/ui/about/AboutFragment.java,com.xiecc.seeWeather.modules.ui.about.AboutFragment,onCreate/1[com.xiecc.seeWeather.modules.ui.about.Bundle],mBolg,2
/Users/danielogenrwot/Documents/Projects/roles-smells-metrics/src/bin/../../data/SourceProjects/Mobile/SeeWeather-2.03/app/src/main/java/com/xiecc/seeWeather/modules/ui/about/AboutFragment.java,com.xiecc.seeWeather.modules.ui.about.AboutFragment,onCreate/1[com.xiecc.seeWeather.modules.ui.about.Bundle],CURRENT_VERSION,1
/Users/danielogenrwot/Documents/Projects/roles-smells-metrics/src/bin/../../data/SourceProjects/Mobile/SeeWeather-2.03/app/src/main/java/com/xiecc/seeWeather/modules/ui/about/AboutFragment.java,com.xiecc.seeWeather.modules.ui.about.AboutFragment,onCreate/1[com.xiecc.seeWeather.modules.ui.about.Bundle],SHARE,1
/Users/danielogenrwot/Documents/Projects/roles-smells-metrics/src/bin/../../data/SourceProjects/Mobile/SeeWeather-2.03/app/src/main/java/com/xiecc/seeWeather/modules/ui/about/AboutFragment.java,com.xiecc.seeWeather.modules.ui.about.AboutFragment,onCreate/1[com.xiecc.seeWeather.modules.ui.about.Bundle],EMAIL,1
/Users/danielogenrwot/Documents/Projects/roles-smells-metrics/src/bin/../../data/SourceProjects/Mobile/SeeWeather-2.03/app/src/main/java/com/xiecc/seeWeather/modules/ui/about/AboutFragment.java,com.xiecc.seeWeather.modules.ui.about.AboutFragment,onCreate/1[com.xiecc.seeWeather.modules.ui.about.Bundle],mEncounrage,2
/Users/danielogenrwot/Documents/Projects/roles-smells-metrics/src/bin/../../data/SourceProjects/Mobile/SeeWeather-2.03/app/src/main/java/com/xiecc/seeWeather/modules/ui/about/AboutFragment.java,com.xiecc.seeWeather.modules.ui.about.AboutFragment,onCreate/1[com.xiecc.seeWeather.modules.ui.about.Bundle],mShare,2
/Users/danielogenrwot/Documents/Projects/roles-smells-metrics/src/bin/../../data/SourceProjects/Mobile/SeeWeather-2.03/app/src/main/java/com/xiecc/seeWeather/modules/ui/about/AboutFragment.java,com.xiecc.seeWeather.modules.ui.about.AboutFragment,onCreate/1[com.xiecc.seeWeather.modules.ui.about.Bundle],mEmail,2
/Users/danielogenrwot/Documents/Projects/roles-smells-metrics/src/bin/../../data/SourceProjects/Mobile/SeeWeather-2.03/app/src/main/java/com/xiecc/seeWeather/modules/ui/about/AboutFragment.java,com.xiecc.seeWeather.modules.ui.about.AboutFragment,onCreate/1[com.xiecc.seeWeather.modules.ui.about.Bundle],mCheckVersion,2
/Users/danielogenrwot/Documents/Projects/roles-smells-metrics/src/bin/../../data/SourceProjects/Mobile/SeeWeather-2.03/app/src/main/java/com/xiecc/seeWeather/modules/ui/about/AboutFragment.java,com.xiecc.seeWeather.modules.ui.about.AboutFragment,onCreate/1[com.xiecc.seeWeather.modules.ui.about.Bundle],STAR,1
/Users/danielogenrwot/Documents/Projects/roles-smells-metrics/src/bin/../../data/SourceProjects/Mobile/SeeWeather-2.03/app/src/main/java/com/xiecc/seeWeather/modules/ui/about/AboutFragment.java,com.xiecc.seeWeather.modules.ui.about.AboutFragment,onCreate/1[com.xiecc.seeWeather.modules.ui.about.Bundle],GITHUB,1
/Users/danielogenrwot/Documents/Projects/roles-smells-metrics/src/bin/../../data/SourceProjects/Mobile/SeeWeather-2.03/app/src/main/java/com/xiecc/seeWeather/modules/ui/about/AboutFragment.java,com.xiecc.seeWeather.modules.ui.about.AboutFragment,onCreate/1[com.xiecc.seeWeather.modules.ui.about.Bundle],mStar,2
/Users/danielogenrwot/Documents/Projects/roles-smells-metrics/src/bin/../../data/SourceProjects/Mobile/SeeWeather-2.03/app/src/main/java/com/xiecc/seeWeather/modules/ui/about/AboutFragment.java,com.xiecc.seeWeather.modules.ui.about.AboutFragment,onCreate/1[com.xiecc.seeWeather.modules.ui.about.Bundle],INTRODUCTION,1
/Users/danielogenrwot/Documents/Projects/roles-smells-metrics/src/bin/../../data/SourceProjects/Mobile/SeeWeather-2.03/app/src/main/java/com/xiecc/seeWeather/modules/ui/about/AboutFragment.java,com.xiecc.seeWeather.modules.ui.about.AboutFragment,onCreate/1[com.xiecc.seeWeather.modules.ui.about.Bundle],CHECK,1
/Users/danielogenrwot/Documents/Projects/roles-smells-metrics/src/bin/../../data/SourceProjects/Mobile/SeeWeather-2.03/app/src/main/java/com/xiecc/seeWeather/modules/ui/about/AboutFragment.java,com.xiecc.seeWeather.modules.ui.about.AboutFragment,onCreate/1[com.xiecc.seeWeather.modules.ui.about.Bundle],BLOG,1
/Users/danielogenrwot/Documents/Projects/roles-smells-metrics/src/bin/../../data/SourceProjects/Mobile/SeeWeather-2.03/app/src/main/java/com/xiecc/seeWeather/modules/ui/about/AboutFragment.java,com.xiecc.seeWeather.modules.ui.about.AboutFragment,onCreate/1[com.xiecc.seeWeather.modules.ui.about.Bundle],mGithub,2
/Users/danielogenrwot/Documents/Projects/roles-smells-metrics/src/bin/../../data/SourceProjects/Mobile/SeeWeather-2.03/app/src/main/java/com/xiecc/seeWeather/modules/ui/about/AboutFragment.java,com.xiecc.seeWeather.modules.ui.about.AboutFragment,onCreate/1[com.xiecc.seeWeather.modules.ui.about.Bundle],mIntroduction,2
/Users/danielogenrwot/Documents/Projects/roles-smells-metrics/src/bin/../../data/SourceProjects/Mobile/SeeWeather-2.03/app/src/main/java/com/xiecc/seeWeather/modules/ui/about/AboutFragment.java,com.xiecc.seeWeather.modules.ui.about.AboutFragment,onCreate/1[com.xiecc.seeWeather.modules.ui.about.Bundle],ENCOURAGE,1
/Users/danielogenrwot/Documents/Projects/roles-smells-metrics/src/bin/../../data/SourceProjects/Mobile/SeeWeather-2.03/app/src/main/java/com/xiecc/seeWeather/modules/adatper/CityAdapter.java,com.xiecc.seeWeather.modules.adatper.CityAdapter$CityViewHolder,CityViewHolder/1[com.xiecc.seeWeather.modules.adatper.View],cardView,2
/Users/danielogenrwot/Documents/Projects/roles-smells-metrics/src/bin/../../data/SourceProjects/Mobile/SeeWeather-2.03/app/src/main/java/com/xiecc/seeWeather/modules/adatper/CityAdapter.java,com.xiecc.seeWeather.modules.adatper.CityAdapter$CityViewHolder,CityViewHolder/1[com.xiecc.seeWeather.modules.adatper.View],itemCity,1
/Users/danielogenrwot/Documents/Projects/roles-smells-metrics/src/bin/../../data/SourceProjects/Mobile/SeeWeather-2.03/app/src/main/java/com/xiecc/seeWeather/modules/adatper/WeatherAdapter.java,com.xiecc.seeWeather.modules.adatper.WeatherAdapter,"onCreateViewHolder/2[com.xiecc.seeWeather.modules.adatper.ViewGroup,int]",TYPE_THREE,1
/Users/danielogenrwot/Documents/Projects/roles-smells-metrics/src/bin/../../data/SourceProjects/Mobile/SeeWeather-2.03/app/src/main/java/com/xiecc/seeWeather/modules/adatper/WeatherAdapter.java,com.xiecc.seeWeather.modules.adatper.WeatherAdapter,"onCreateViewHolder/2[com.xiecc.seeWeather.modules.adatper.ViewGroup,int]",TYPE_ONE,1
/Users/danielogenrwot/Documents/Projects/roles-smells-metrics/src/bin/../../data/SourceProjects/Mobile/SeeWeather-2.03/app/src/main/java/com/xiecc/seeWeather/modules/adatper/WeatherAdapter.java,com.xiecc.seeWeather.modules.adatper.WeatherAdapter,"onCreateViewHolder/2[com.xiecc.seeWeather.modules.adatper.ViewGroup,int]",TYPE_FORE,1
/Users/danielogenrwot/Documents/Projects/roles-smells-metrics/src/bin/../../data/SourceProjects/Mobile/SeeWeather-2.03/app/src/main/java/com/xiecc/seeWeather/modules/adatper/WeatherAdapter.java,com.xiecc.seeWeather.modules.adatper.WeatherAdapter,"onCreateViewHolder/2[com.xiecc.seeWeather.modules.adatper.ViewGroup,int]",mContext,4
/Users/danielogenrwot/Documents/Projects/roles-smells-metrics/src/bin/../../data/SourceProjects/Mobile/SeeWeather-2.03/app/src/main/java/com/xiecc/seeWeather/modules/adatper/WeatherAdapter.java,com.xiecc.seeWeather.modules.adatper.WeatherAdapter,"onCreateViewHolder/2[com.xiecc.seeWeather.modules.adatper.ViewGroup,int]",TYPE_TWO,1
/Users/danielogenrwot/Documents/Projects/roles-smells-metrics/src/bin/../../data/SourceProjects/Mobile/SeeWeather-2.03/app/src/main/java/com/xiecc/seeWeather/modules/adatper/WeatherAdapter.java,com.xiecc.seeWeather.modules.adatper.WeatherAdapter,"onBindViewHolder/2[RecyclerView.ViewHolder,int]",mSetting,2
/Users/danielogenrwot/Documents/Projects/roles-smells-metrics/src/bin/../../data/SourceProjects/Mobile/SeeWeather-2.03/app/src/main/java/com/xiecc/seeWeather/modules/adatper/WeatherAdapter.java,com.xiecc.seeWeather.modules.adatper.WeatherAdapter,"onBindViewHolder/2[RecyclerView.ViewHolder,int]",TAG,5
/Users/danielogenrwot/Documents/Projects/roles-smells-metrics/src/bin/../../data/SourceProjects/Mobile/SeeWeather-2.03/app/src/main/java/com/xiecc/seeWeather/modules/adatper/WeatherAdapter.java,com.xiecc.seeWeather.modules.adatper.WeatherAdapter,"onBindViewHolder/2[RecyclerView.ViewHolder,int]",mContext,2
/Users/danielogenrwot/Documents/Projects/roles-smells-metrics/src/bin/../../data/SourceProjects/Mobile/SeeWeather-2.03/app/src/main/java/com/xiecc/seeWeather/modules/adatper/WeatherAdapter.java,com.xiecc.seeWeather.modules.adatper.WeatherAdapter,getItemViewType/1[int],TYPE_THREE,2
/Users/danielogenrwot/Documents/Projects/roles-smells-metrics/src/bin/../../data/SourceProjects/Mobile/SeeWeather-2.03/app/src/main/java/com/xiecc/seeWeather/modules/adatper/WeatherAdapter.java,com.xiecc.seeWeather.modules.adatper.WeatherAdapter,getItemViewType/1[int],TYPE_ONE,2
/Users/danielogenrwot/Documents/Projects/roles-smells-metrics/src/bin/../../data/SourceProjects/Mobile/SeeWeather-2.03/app/src/main/java/com/xiecc/seeWeather/modules/adatper/WeatherAdapter.java,com.xiecc.seeWeather.modules.adatper.WeatherAdapter,getItemViewType/1[int],TYPE_FORE,2
/Users/danielogenrwot/Documents/Projects/roles-smells-metrics/src/bin/../../data/SourceProjects/Mobile/SeeWeather-2.03/app/src/main/java/com/xiecc/seeWeather/modules/adatper/WeatherAdapter.java,com.xiecc.seeWeather.modules.adatper.WeatherAdapter,getItemViewType/1[int],TYPE_TWO,2
/Users/danielogenrwot/Documents/Projects/roles-smells-metrics/src/bin/../../data/SourceProjects/Mobile/SeeWeather-2.03/app/src/main/java/com/xiecc/seeWeather/modules/adatper/WeatherAdapter.java,com.xiecc.seeWeather.modules.adatper.WeatherAdapter,"WeatherAdapter/2[com.xiecc.seeWeather.modules.adatper.Context,com.xiecc.seeWeather.modules.domain.Weather]",mSetting,1
/Users/danielogenrwot/Documents/Projects/roles-smells-metrics/src/bin/../../data/SourceProjects/Mobile/SeeWeather-2.03/app/src/main/java/com/xiecc/seeWeather/modules/adatper/WeatherAdapter.java,com.xiecc.seeWeather.modules.adatper.WeatherAdapter,"WeatherAdapter/2[com.xiecc.seeWeather.modules.adatper.Context,com.xiecc.seeWeather.modules.domain.Weather]",mWeatherData,1
/Users/danielogenrwot/Documents/Projects/roles-smells-metrics/src/bin/../../data/SourceProjects/Mobile/SeeWeather-2.03/app/src/main/java/com/xiecc/seeWeather/modules/adatper/WeatherAdapter.java,com.xiecc.seeWeather.modules.adatper.WeatherAdapter,"WeatherAdapter/2[com.xiecc.seeWeather.modules.adatper.Context,com.xiecc.seeWeather.modules.domain.Weather]",mContext,1
/Users/danielogenrwot/Documents/Projects/roles-smells-metrics/src/bin/../../data/SourceProjects/Mobile/SeeWeather-2.03/app/src/main/java/com/xiecc/seeWeather/modules/adatper/WeatherAdapter.java,com.xiecc.seeWeather.modules.adatper.WeatherAdapter$ForecastViewHolder,ForecastViewHolder/1[com.xiecc.seeWeather.modules.adatper.View],forecastTemp,1
/Users/danielogenrwot/Documents/Projects/roles-smells-metrics/src/bin/../../data/SourceProjects/Mobile/SeeWeather-2.03/app/src/main/java/com/xiecc/seeWeather/modules/adatper/WeatherAdapter.java,com.xiecc.seeWeather.modules.adatper.WeatherAdapter$ForecastViewHolder,ForecastViewHolder/1[com.xiecc.seeWeather.modules.adatper.View],forecastTxt,1
/Users/danielogenrwot/Documents/Projects/roles-smells-metrics/src/bin/../../data/SourceProjects/Mobile/SeeWeather-2.03/app/src/main/java/com/xiecc/seeWeather/modules/adatper/WeatherAdapter.java,com.xiecc.seeWeather.modules.adatper.WeatherAdapter$ForecastViewHolder,ForecastViewHolder/1[com.xiecc.seeWeather.modules.adatper.View],forecastIcon,1
/Users/danielogenrwot/Documents/Projects/roles-smells-metrics/src/bin/../../data/SourceProjects/Mobile/SeeWeather-2.03/app/src/main/java/com/xiecc/seeWeather/modules/adatper/WeatherAdapter.java,com.xiecc.seeWeather.modules.adatper.WeatherAdapter$ForecastViewHolder,ForecastViewHolder/1[com.xiecc.seeWeather.modules.adatper.View],forecastLinear,2
/Users/danielogenrwot/Documents/Projects/roles-smells-metrics/src/bin/../../data/SourceProjects/Mobile/SeeWeather-2.03/app/src/main/java/com/xiecc/seeWeather/modules/adatper/WeatherAdapter.java,com.xiecc.seeWeather.modules.adatper.WeatherAdapter$ForecastViewHolder,ForecastViewHolder/1[com.xiecc.seeWeather.modules.adatper.View],forecastDate,1
/Users/danielogenrwot/Documents/Projects/roles-smells-metrics/src/bin/../../data/SourceProjects/Mobile/SeeWeather-2.03/app/src/main/java/com/xiecc/seeWeather/base/BaseApplication.java,com.xiecc.seeWeather.base.BaseApplication,onCreate/0,mAppContext,1
/Users/danielogenrwot/Documents/Projects/roles-smells-metrics/src/bin/../../data/SourceProjects/Mobile/SeeWeather-2.03/app/src/main/java/com/xiecc/seeWeather/base/BaseApplication.java,com.xiecc.seeWeather.base.BaseApplication,onCreate/0,cacheDir,2
/Users/danielogenrwot/Documents/Projects/roles-smells-metrics/src/bin/../../data/SourceProjects/Mobile/SeeWeather-2.03/app/src/main/java/com/xiecc/seeWeather/common/ACache.java,com.xiecc.seeWeather.common.ACache$ACacheManager,put/1[java.io.File],countLimit,1
/Users/danielogenrwot/Documents/Projects/roles-smells-metrics/src/bin/../../data/SourceProjects/Mobile/SeeWeather-2.03/app/src/main/java/com/xiecc/seeWeather/common/ACache.java,com.xiecc.seeWeather.common.ACache$ACacheManager,put/1[java.io.File],sizeLimit,1
/Users/danielogenrwot/Documents/Projects/roles-smells-metrics/src/bin/../../data/SourceProjects/Mobile/SeeWeather-2.03/app/src/main/java/com/xiecc/seeWeather/common/ACache.java,com.xiecc.seeWeather.common.ACache$ACacheManager,put/1[java.io.File],cacheCount,3
/Users/danielogenrwot/Documents/Projects/roles-smells-metrics/src/bin/../../data/SourceProjects/Mobile/SeeWeather-2.03/app/src/main/java/com/xiecc/seeWeather/common/ACache.java,com.xiecc.seeWeather.common.ACache$ACacheManager,put/1[java.io.File],cacheSize,4
/Users/danielogenrwot/Documents/Projects/roles-smells-metrics/src/bin/../../data/SourceProjects/Mobile/SeeWeather-2.03/app/src/main/java/com/xiecc/seeWeather/common/ACache.java,com.xiecc.seeWeather.common.ACache$ACacheManager,put/1[java.io.File],lastUsageDates,1
/Users/danielogenrwot/Documents/Projects/roles-smells-metrics/src/bin/../../data/SourceProjects/Mobile/SeeWeather-2.03/app/src/main/java/com/xiecc/seeWeather/common/ACache.java,com.xiecc.seeWeather.common.ACache$ACacheManager,removeNext/0,lastUsageDates,4
/Users/danielogenrwot/Documents/Projects/roles-smells-metrics/src/bin/../../data/SourceProjects/Mobile/SeeWeather-2.03/app/src/main/java/com/xiecc/seeWeather/common/ACache.java,com.xiecc.seeWeather.common.ACache$ACacheManager,newFile/1[java.lang.String],cacheDir,1
/Users/danielogenrwot/Documents/Projects/roles-smells-metrics/src/bin/../../data/SourceProjects/Mobile/SeeWeather-2.03/app/src/main/java/com/xiecc/seeWeather/common/ACache.java,com.xiecc.seeWeather.common.ACache$ACacheManager,"ACacheManager/3[java.io.File,long,int]",countLimit,3
/Users/danielogenrwot/Documents/Projects/roles-smells-metrics/src/bin/../../data/SourceProjects/Mobile/SeeWeather-2.03/app/src/main/java/com/xiecc/seeWeather/common/ACache.java,com.xiecc.seeWeather.common.ACache$ACacheManager,"ACacheManager/3[java.io.File,long,int]",sizeLimit,3
/Users/danielogenrwot/Documents/Projects/roles-smells-metrics/src/bin/../../data/SourceProjects/Mobile/SeeWeather-2.03/app/src/main/java/com/xiecc/seeWeather/common/ACache.java,com.xiecc.seeWeather.common.ACache$ACacheManager,"ACacheManager/3[java.io.File,long,int]",cacheDir,3
/Users/danielogenrwot/Documents/Projects/roles-smells-metrics/src/bin/../../data/SourceProjects/Mobile/SeeWeather-2.03/app/src/main/java/com/xiecc/seeWeather/common/ACache.java,com.xiecc.seeWeather.common.ACache$ACacheManager,"ACacheManager/3[java.io.File,long,int]",cacheCount,1
/Users/danielogenrwot/Documents/Projects/roles-smells-metrics/src/bin/../../data/SourceProjects/Mobile/SeeWeather-2.03/app/src/main/java/com/xiecc/seeWeather/common/ACache.java,com.xiecc.seeWeather.common.ACache$ACacheManager,"ACacheManager/3[java.io.File,long,int]",cacheSize,1
/Users/danielogenrwot/Documents/Projects/roles-smells-metrics/src/bin/../../data/SourceProjects/Mobile/SeeWeather-2.03/app/src/main/java/com/xiecc/seeWeather/common/ACache.java,com.xiecc.seeWeather.common.ACache$ACacheManager,get/1[java.lang.String],lastUsageDates,1
/Users/danielogenrwot/Documents/Projects/roles-smells-metrics/src/bin/../../data/SourceProjects/Mobile/SeeWeather-2.03/app/src/main/java/com/xiecc/seeWeather/common/ACache.java,com.xiecc.seeWeather.common.ACache$ACacheManager,clear/0,cacheDir,1
/Users/danielogenrwot/Documents/Projects/roles-smells-metrics/src/bin/../../data/SourceProjects/Mobile/SeeWeather-2.03/app/src/main/java/com/xiecc/seeWeather/common/ACache.java,com.xiecc.seeWeather.common.ACache$ACacheManager,clear/0,cacheSize,1
/Users/danielogenrwot/Documents/Projects/roles-smells-metrics/src/bin/../../data/SourceProjects/Mobile/SeeWeather-2.03/app/src/main/java/com/xiecc/seeWeather/common/ACache.java,com.xiecc.seeWeather.common.ACache$ACacheManager,clear/0,lastUsageDates,1
/Users/danielogenrwot/Documents/Projects/roles-smells-metrics/src/bin/../../data/SourceProjects/Mobile/SeeWeather-2.03/app/src/main/java/com/xiecc/seeWeather/modules/listener/HidingScrollListener.java,com.xiecc.seeWeather.modules.listener.HidingScrollListener,"onScrolled/3[com.xiecc.seeWeather.modules.listener.RecyclerView,int,int]",HIDE_THRESHOLD,2
/Users/danielogenrwot/Documents/Projects/roles-smells-metrics/src/bin/../../data/SourceProjects/Mobile/SeeWeather-2.03/app/src/main/java/com/xiecc/seeWeather/modules/listener/HidingScrollListener.java,com.xiecc.seeWeather.modules.listener.HidingScrollListener,"onScrolled/3[com.xiecc.seeWeather.modules.listener.RecyclerView,int,int]",scrolledDistance,5
/Users/danielogenrwot/Documents/Projects/roles-smells-metrics/src/bin/../../data/SourceProjects/Mobile/SeeWeather-2.03/app/src/main/java/com/xiecc/seeWeather/modules/listener/HidingScrollListener.java,com.xiecc.seeWeather.modules.listener.HidingScrollListener,"onScrolled/3[com.xiecc.seeWeather.modules.listener.RecyclerView,int,int]",controlsVisible,6
/Users/danielogenrwot/Documents/Projects/roles-smells-metrics/src/bin/../../data/SourceProjects/Mobile/SeeWeather-2.03/app/src/main/java/com/xiecc/seeWeather/modules/adatper/WeatherAdapter.java,com.xiecc.seeWeather.modules.adatper.WeatherAdapter$HoursWeatherViewHolder,HoursWeatherViewHolder/1[com.xiecc.seeWeather.modules.adatper.View],mClock,1
/Users/danielogenrwot/Documents/Projects/roles-smells-metrics/src/bin/../../data/SourceProjects/Mobile/SeeWeather-2.03/app/src/main/java/com/xiecc/seeWeather/modules/adatper/WeatherAdapter.java,com.xiecc.seeWeather.modules.adatper.WeatherAdapter$HoursWeatherViewHolder,HoursWeatherViewHolder/1[com.xiecc.seeWeather.modules.adatper.View],itemHourInfoLinearlayout,2
/Users/danielogenrwot/Documents/Projects/roles-smells-metrics/src/bin/../../data/SourceProjects/Mobile/SeeWeather-2.03/app/src/main/java/com/xiecc/seeWeather/modules/adatper/WeatherAdapter.java,com.xiecc.seeWeather.modules.adatper.WeatherAdapter$HoursWeatherViewHolder,HoursWeatherViewHolder/1[com.xiecc.seeWeather.modules.adatper.View],mTemp,1
/Users/danielogenrwot/Documents/Projects/roles-smells-metrics/src/bin/../../data/SourceProjects/Mobile/SeeWeather-2.03/app/src/main/java/com/xiecc/seeWeather/modules/adatper/WeatherAdapter.java,com.xiecc.seeWeather.modules.adatper.WeatherAdapter$HoursWeatherViewHolder,HoursWeatherViewHolder/1[com.xiecc.seeWeather.modules.adatper.View],mHumidity,1
/Users/danielogenrwot/Documents/Projects/roles-smells-metrics/src/bin/../../data/SourceProjects/Mobile/SeeWeather-2.03/app/src/main/java/com/xiecc/seeWeather/modules/adatper/WeatherAdapter.java,com.xiecc.seeWeather.modules.adatper.WeatherAdapter$HoursWeatherViewHolder,HoursWeatherViewHolder/1[com.xiecc.seeWeather.modules.adatper.View],mWind,1
/Users/danielogenrwot/Documents/Projects/roles-smells-metrics/src/bin/../../data/SourceProjects/Mobile/SeeWeather-2.03/app/src/main/java/com/xiecc/seeWeather/common/ACache.java,com.xiecc.seeWeather.common.ACache,get/1[java.io.File],MAX_COUNT,1
/Users/danielogenrwot/Documents/Projects/roles-smells-metrics/src/bin/../../data/SourceProjects/Mobile/SeeWeather-2.03/app/src/main/java/com/xiecc/seeWeather/common/ACache.java,com.xiecc.seeWeather.common.ACache,get/1[java.io.File],MAX_SIZE,1
/Users/danielogenrwot/Documents/Projects/roles-smells-metrics/src/bin/../../data/SourceProjects/Mobile/SeeWeather-2.03/app/src/main/java/com/xiecc/seeWeather/common/ACache.java,com.xiecc.seeWeather.common.ACache,file/1[java.lang.String],mCache,1
/Users/danielogenrwot/Documents/Projects/roles-smells-metrics/src/bin/../../data/SourceProjects/Mobile/SeeWeather-2.03/app/src/main/java/com/xiecc/seeWeather/common/ACache.java,com.xiecc.seeWeather.common.ACache,"put/2[java.lang.String,byte[]]",mCache,2
/Users/danielogenrwot/Documents/Projects/roles-smells-metrics/src/bin/../../data/SourceProjects/Mobile/SeeWeather-2.03/app/src/main/java/com/xiecc/seeWeather/common/ACache.java,com.xiecc.seeWeather.common.ACache,getAsString/1[java.lang.String],mCache,1
/Users/danielogenrwot/Documents/Projects/roles-smells-metrics/src/bin/../../data/SourceProjects/Mobile/SeeWeather-2.03/app/src/main/java/com/xiecc/seeWeather/common/ACache.java,com.xiecc.seeWeather.common.ACache,remove/1[java.lang.String],mCache,1
/Users/danielogenrwot/Documents/Projects/roles-smells-metrics/src/bin/../../data/SourceProjects/Mobile/SeeWeather-2.03/app/src/main/java/com/xiecc/seeWeather/common/ACache.java,com.xiecc.seeWeather.common.ACache,"get/3[java.io.File,long,int]",mInstanceMap,2
/Users/danielogenrwot/Documents/Projects/roles-smells-metrics/src/bin/../../data/SourceProjects/Mobile/SeeWeather-2.03/app/src/main/java/com/xiecc/seeWeather/common/ACache.java,com.xiecc.seeWeather.common.ACache,clear/0,mCache,1
/Users/danielogenrwot/Documents/Projects/roles-smells-metrics/src/bin/../../data/SourceProjects/Mobile/SeeWeather-2.03/app/src/main/java/com/xiecc/seeWeather/common/ACache.java,com.xiecc.seeWeather.common.ACache,"ACache/3[java.io.File,long,int]",mCache,1
/Users/danielogenrwot/Documents/Projects/roles-smells-metrics/src/bin/../../data/SourceProjects/Mobile/SeeWeather-2.03/app/src/main/java/com/xiecc/seeWeather/common/ACache.java,com.xiecc.seeWeather.common.ACache,"get/2[com.xiecc.seeWeather.common.Context,java.lang.String]",MAX_COUNT,1
/Users/danielogenrwot/Documents/Projects/roles-smells-metrics/src/bin/../../data/SourceProjects/Mobile/SeeWeather-2.03/app/src/main/java/com/xiecc/seeWeather/common/ACache.java,com.xiecc.seeWeather.common.ACache,"get/2[com.xiecc.seeWeather.common.Context,java.lang.String]",MAX_SIZE,1
/Users/danielogenrwot/Documents/Projects/roles-smells-metrics/src/bin/../../data/SourceProjects/Mobile/SeeWeather-2.03/app/src/main/java/com/xiecc/seeWeather/common/ACache.java,com.xiecc.seeWeather.common.ACache,"put/2[java.lang.String,java.lang.String]",mCache,2
/Users/danielogenrwot/Documents/Projects/roles-smells-metrics/src/bin/../../data/SourceProjects/Mobile/SeeWeather-2.03/app/src/main/java/com/xiecc/seeWeather/common/ACache.java,com.xiecc.seeWeather.common.ACache,getAsBinary/1[java.lang.String],mCache,1
/Users/danielogenrwot/Documents/Projects/roles-smells-metrics/src/bin/../../data/SourceProjects/Mobile/SeeWeather-2.03/app/src/main/java/com/xiecc/seeWeather/modules/adatper/WeatherAdapter.java,com.xiecc.seeWeather.modules.adatper.WeatherAdapter$NowWeatherViewHolder,NowWeatherViewHolder/1[com.xiecc.seeWeather.modules.adatper.View],tempMax,1
/Users/danielogenrwot/Documents/Projects/roles-smells-metrics/src/bin/../../data/SourceProjects/Mobile/SeeWeather-2.03/app/src/main/java/com/xiecc/seeWeather/modules/adatper/WeatherAdapter.java,com.xiecc.seeWeather.modules.adatper.WeatherAdapter$NowWeatherViewHolder,NowWeatherViewHolder/1[com.xiecc.seeWeather.modules.adatper.View],tempQuality,1
/Users/danielogenrwot/Documents/Projects/roles-smells-metrics/src/bin/../../data/SourceProjects/Mobile/SeeWeather-2.03/app/src/main/java/com/xiecc/seeWeather/modules/adatper/WeatherAdapter.java,com.xiecc.seeWeather.modules.adatper.WeatherAdapter$NowWeatherViewHolder,NowWeatherViewHolder/1[com.xiecc.seeWeather.modules.adatper.View],weatherIcon,1
/Users/danielogenrwot/Documents/Projects/roles-smells-metrics/src/bin/../../data/SourceProjects/Mobile/SeeWeather-2.03/app/src/main/java/com/xiecc/seeWeather/modules/adatper/WeatherAdapter.java,com.xiecc.seeWeather.modules.adatper.WeatherAdapter$NowWeatherViewHolder,NowWeatherViewHolder/1[com.xiecc.seeWeather.modules.adatper.View],tempPm,1
/Users/danielogenrwot/Documents/Projects/roles-smells-metrics/src/bin/../../data/SourceProjects/Mobile/SeeWeather-2.03/app/src/main/java/com/xiecc/seeWeather/modules/adatper/WeatherAdapter.java,com.xiecc.seeWeather.modules.adatper.WeatherAdapter$NowWeatherViewHolder,NowWeatherViewHolder/1[com.xiecc.seeWeather.modules.adatper.View],cardView,2
/Users/danielogenrwot/Documents/Projects/roles-smells-metrics/src/bin/../../data/SourceProjects/Mobile/SeeWeather-2.03/app/src/main/java/com/xiecc/seeWeather/modules/adatper/WeatherAdapter.java,com.xiecc.seeWeather.modules.adatper.WeatherAdapter$NowWeatherViewHolder,NowWeatherViewHolder/1[com.xiecc.seeWeather.modules.adatper.View],tempFlu,1
/Users/danielogenrwot/Documents/Projects/roles-smells-metrics/src/bin/../../data/SourceProjects/Mobile/SeeWeather-2.03/app/src/main/java/com/xiecc/seeWeather/modules/adatper/WeatherAdapter.java,com.xiecc.seeWeather.modules.adatper.WeatherAdapter$NowWeatherViewHolder,NowWeatherViewHolder/1[com.xiecc.seeWeather.modules.adatper.View],tempMin,1
/Users/danielogenrwot/Documents/Projects/roles-smells-metrics/src/bin/../../data/SourceProjects/Mobile/SeeWeather-2.03/app/src/main/java/com/xiecc/seeWeather/common/ACache.java,com.xiecc.seeWeather.common.ACache$Utils,clearDateInfo/1[java.lang.String],mSeparator,1
/Users/danielogenrwot/Documents/Projects/roles-smells-metrics/src/bin/../../data/SourceProjects/Mobile/SeeWeather-2.03/app/src/main/java/com/xiecc/seeWeather/common/ACache.java,com.xiecc.seeWeather.common.ACache$Utils,createDateInfo/1[int],mSeparator,1
/Users/danielogenrwot/Documents/Projects/roles-smells-metrics/src/bin/../../data/SourceProjects/Mobile/SeeWeather-2.03/app/src/main/java/com/xiecc/seeWeather/common/ACache.java,com.xiecc.seeWeather.common.ACache$Utils,getDateInfoFromDate/1[byte[]],mSeparator,1
/Users/danielogenrwot/Documents/Projects/roles-smells-metrics/src/bin/../../data/SourceProjects/Mobile/SeeWeather-2.03/app/src/main/java/com/xiecc/seeWeather/common/ACache.java,com.xiecc.seeWeather.common.ACache$Utils,clearDateInfo/1[byte[]],mSeparator,1
/Users/danielogenrwot/Documents/Projects/roles-smells-metrics/src/bin/../../data/SourceProjects/Mobile/SeeWeather-2.03/app/src/main/java/com/xiecc/seeWeather/common/ACache.java,com.xiecc.seeWeather.common.ACache$Utils,hasDateInfo/1[byte[]],mSeparator,1
