index,Fullpathname,classname,loc,numAttr,numMethod,setters,getters,isPersist,isCollection,numWordName,isOrEr,isController,numIfs,numParameters,numImports,numOutboundInvocation,isStaticClass,isInterface,isInnerClass,isClass,isEnum,classPublicity,numPublicMethods,numPrivateMethods,numProtectedMethods,isAbstract,label
1325,wallet/src/de/schildbach/wallet/Constants.Files.java,Files,53,13,0,0,0,FALSE,FALSE,1,FALSE,FALSE,0,0,4,2,TRUE,FALSE,TRUE,TRUE,FALSE,public,0,0,0,FALSE,Information Holder
1326,wallet/src/de/schildbach/wallet/Logging.java,Logging,78,4,1,0,0,FALSE,FALSE,1,FALSE,FALSE,1,1,10,10,TRUE,FALSE,FALSE,TRUE,FALSE,public,1,0,0,FALSE,Service Provider
1327,wallet/src/de/schildbach/walletwalletApplication.OnWalletLoadedListener.java,OnWalletLoadedListener,24,0,0,0,0,FALSE,FALSE,4,TRUE,FALSE,0,0,1,0,TRUE,TRUE,TRUE,FALSE,FALSE,public,0,0,0,FALSE,Service Provider
1328,wallet/src/de/schildbach/wallet/Constants.java,Constants,141,58,0,0,0,FALSE,FALSE,1,FALSE,FALSE,0,0,15,10,TRUE,FALSE,FALSE,TRUE,FALSE,public,0,0,0,FALSE,Information Holder
1329,wallet/src/de/schildbach/wallet/Configuration.java,Configuration,233,28,35,4,18,FALSE,FALSE,1,FALSE,FALSE,8,13,13,19,TRUE,FALSE,FALSE,TRUE,FALSE,public,34,1,0,FALSE,Information Holder
1330,wallet/src/de/schildbach/wallet/util/Base43.java,Base43,125,2,5,0,0,FALSE,FALSE,1,FALSE,FALSE,6,9,1,5,TRUE,FALSE,FALSE,TRUE,FALSE,public,2,3,0,FALSE,Service Provider
1331,wallet/src/de/schildbach/wallet/util/CheatSheet.java,CheatSheet,138,1,5,3,0,FALSE,FALSE,2,FALSE,FALSE,2,8,6,12,TRUE,FALSE,FALSE,TRUE,FALSE,public,4,1,0,FALSE,Service Provider
1332,wallet/src/de/schildbach/wallet/util/CrashReporter.ExceptionHandler.java,ExceptionHandler,47,1,2,0,0,FALSE,FALSE,2,TRUE,FALSE,0,3,5,1,TRUE,FALSE,TRUE,TRUE,FALSE,private,1,1,0,FALSE,Service Provider
1333,wallet/src/de/schildbach/wallet/util/Bluetooth.java,Bluetooth,94,8,6,0,3,FALSE,FALSE,1,FALSE,FALSE,7,6,7,5,TRUE,FALSE,FALSE,TRUE,FALSE,public,6,0,0,FALSE,Service Provider
1334,wallet/src/de/schildbach/walletwalletBalanceWidgetProvider.java,WalletBalanceWidgetProvider,160,1,6,0,1,FALSE,FALSE,4,TRUE,FALSE,5,23,27,18,TRUE,FALSE,FALSE,TRUE,FALSE,public,3,3,0,FALSE,Interfacer
1335,wallet/src/de/schildbach/wallet/util/Formats.java,Formats,48,5,1,0,0,FALSE,FALSE,1,FALSE,FALSE,2,1,4,2,TRUE,FALSE,FALSE,TRUE,FALSE,public,1,0,0,FALSE,Service Provider
1336,wallet/src/de/schildbach/walletwalletApplication.java,WalletApplication,310,11,16,0,3,FALSE,FALSE,2,FALSE,FALSE,17,5,47,52,TRUE,FALSE,FALSE,TRUE,FALSE,public,14,2,0,FALSE,Controller
1337,wallet/src/de/schildbach/wallet/util/GenericUtils.java,GenericUtils,34,0,2,0,0,FALSE,FALSE,2,FALSE,FALSE,0,3,1,2,TRUE,FALSE,FALSE,TRUE,FALSE,public,2,0,0,FALSE,Service Provider
1338,wallet/src/de/schildbach/wallet/util/Iso8601Format.java,Iso8601Format,58,1,8,0,0,FALSE,FALSE,2,FALSE,FALSE,0,4,6,0,TRUE,FALSE,FALSE,TRUE,FALSE,public,8,0,0,FALSE,Service Provider
1339,wallet/src/de/schildbach/wallet/util/Io.java,Io,52,0,3,0,0,FALSE,FALSE,1,FALSE,FALSE,1,7,4,0,TRUE,FALSE,FALSE,TRUE,FALSE,public,3,0,0,FALSE,Service Provider
1340,wallet/src/de/schildbach/wallet/util/CrashReporter.java,CrashReporter,119,6,9,0,0,FALSE,FALSE,2,TRUE,FALSE,2,11,21,9,TRUE,FALSE,FALSE,TRUE,FALSE,public,7,2,0,FALSE,Service Provider
1341,wallet/src/de/schildbach/wallet/util/OnFirstPreDraw.Callback.java,Callback,23,0,0,0,0,FALSE,FALSE,1,FALSE,FALSE,0,0,0,0,TRUE,TRUE,TRUE,FALSE,FALSE,public,0,0,0,FALSE,Service Provider
1342,wallet/src/de/schildbach/wallet/util/Nfc.java,Nfc,41,0,2,0,0,FALSE,FALSE,1,FALSE,FALSE,1,4,5,3,TRUE,FALSE,FALSE,TRUE,FALSE,public,2,0,0,FALSE,Service Provider
1343,wallet/src/de/schildbach/wallet/util/Crypto.java,Crypto,251,12,8,0,1,FALSE,FALSE,1,FALSE,FALSE,3,16,20,5,TRUE,FALSE,FALSE,TRUE,FALSE,public,4,4,0,FALSE,Service Provider
1344,wallet/src/de/schildbach/wallet/util/OnFirstPreDraw.java,OnFirstPreDraw,50,4,2,0,0,FALSE,FALSE,4,FALSE,FALSE,2,2,6,3,TRUE,FALSE,FALSE,TRUE,FALSE,public,2,0,0,FALSE,Service Provider
1345,wallet/src/de/schildbach/wallet/util/Toast.java,Toast,80,2,10,0,0,FALSE,FALSE,1,FALSE,FALSE,0,17,3,6,TRUE,FALSE,FALSE,TRUE,FALSE,public,8,2,0,FALSE,Service Provider
1346,wallet/src/de/schildbach/wallet/util/MonetarySpannable.java,MonetarySpannable,99,4,3,0,0,FALSE,FALSE,2,FALSE,FALSE,13,9,11,3,TRUE,FALSE,FALSE,TRUE,FALSE,public,2,1,0,FALSE,Information Holder
1347,wallet/src/de/schildbach/wallet/utilwalletUtils.MonospaceSpan.java,MonospaceSpan,39,0,2,0,0,FALSE,FALSE,2,FALSE,FALSE,2,1,1,2,TRUE,FALSE,TRUE,TRUE,FALSE,private,2,0,0,FALSE,Information Holder
1348,wallet/src/de/schildbach/wallet/util/WholeStringBuilder.java,WholeStringBuilder,32,0,1,0,0,FALSE,FALSE,3,TRUE,FALSE,0,1,3,1,TRUE,FALSE,FALSE,TRUE,FALSE,public,1,0,0,FALSE,Service Provider
1349,wallet/src/de/schildbach/wallet/util/Qr.java,Qr,101,2,5,0,0,FALSE,FALSE,1,FALSE,FALSE,1,5,17,8,TRUE,FALSE,FALSE,TRUE,FALSE,public,5,0,0,FALSE,Service Provider
1350,wallet/src/de/schildbach/wallet/ui/AbstractWalletActivity.java,AbstractWalletActivity,76,2,5,1,1,FALSE,FALSE,3,FALSE,FALSE,4,3,10,3,TRUE,FALSE,FALSE,TRUE,FALSE,public,4,0,1,TRUE,Interfacer
1351,wallet/src/de/schildbach/wallet/ui/AddressBookActivity.TwoFragmentAdapter.java,TwoFragmentAdapter,86,5,6,1,1,FALSE,FALSE,3,TRUE,FALSE,6,11,6,5,TRUE,FALSE,TRUE,TRUE,FALSE,private,6,0,0,FALSE,Information Holder
1352,wallet/src/de/schildbach/wallet/ui/AddressAndLabel.java,AddressAndLabel,89,3,5,0,0,FALSE,FALSE,3,FALSE,FALSE,3,3,8,8,TRUE,FALSE,FALSE,TRUE,FALSE,public,5,0,0,FALSE,Service Provider
1353,wallet/src/de/schildbach/wallet/util/ViewPagerTabs.java,ViewPagerTabs,155,6,9,0,1,FALSE,FALSE,3,FALSE,FALSE,4,10,14,10,TRUE,FALSE,FALSE,TRUE,FALSE,public,6,0,3,FALSE,Interfacer
1354,wallet/src/de/schildbach/wallet/ui/AddressBookActivity.java,AddressBookActivity,76,4,2,0,0,FALSE,FALSE,3,FALSE,FALSE,4,2,8,6,TRUE,FALSE,FALSE,TRUE,FALSE,public,1,0,1,FALSE,Interfacer
1355,wallet/src/de/schildbach/wallet/ui/BitmapFragment.java,BitmapFragment,71,3,4,0,0,FALSE,FALSE,2,FALSE,FALSE,0,5,12,2,TRUE,FALSE,FALSE,TRUE,FALSE,public,3,1,0,FALSE,Interfacer
1356,wallet/src/de/schildbach/wallet/ui/CurrencyAmountView.Listener.java,Listener,24,0,0,0,0,FALSE,FALSE,1,TRUE,FALSE,0,0,0,0,TRUE,TRUE,TRUE,FALSE,FALSE,public,0,0,0,FALSE,Service Provider
1357,wallet/src/de/schildbach/wallet/ui/CurrencyAmountView.TextViewListener.java,TextViewListener,62,1,5,1,0,FALSE,FALSE,3,TRUE,FALSE,5,12,5,3,TRUE,FALSE,TRUE,TRUE,FALSE,private,5,0,0,FALSE,Service Provider
1358,wallet/src/de/schildbach/wallet/utilwalletUtils.java,WalletUtils,287,3,18,0,2,FALSE,FALSE,2,FALSE,FALSE,12,38,45,37,TRUE,FALSE,FALSE,TRUE,FALSE,public,18,0,0,FALSE,Service Provider
1359,wallet/src/de/schildbach/wallet/ui/CircularProgressView.java,CircularProgressView,125,9,10,5,1,FALSE,FALSE,3,FALSE,FALSE,3,15,10,4,TRUE,FALSE,FALSE,TRUE,FALSE,public,6,1,3,FALSE,Interfacer
1360,wallet/src/de/schildbach/wallet/ui/CurrencySymbolDrawable.java,CurrencySymbolDrawable,55,3,5,2,2,FALSE,FALSE,3,FALSE,FALSE,0,3,5,0,TRUE,FALSE,FALSE,TRUE,FALSE,public,5,0,0,FALSE,Interfacer
1361,wallet/src/de/schildbach/wallet/ui/CurrencyTextView.java,CurrencyTextView,101,7,9,7,0,FALSE,FALSE,3,FALSE,FALSE,3,7,13,1,TRUE,FALSE,FALSE,TRUE,FALSE,public,7,1,1,FALSE,Interfacer
1362,wallet/src/de/schildbach/wallet/ui/CurrencyCalculatorLink.java,CurrencyCalculatorLink,175,8,13,6,3,FALSE,FALSE,3,FALSE,FALSE,15,6,7,15,TRUE,FALSE,FALSE,TRUE,FALSE,public,12,1,0,FALSE,Information Holder
1363,wallet/src/de/schildbach/wallet/ui/DialogBuilder.java,DialogBuilder,97,3,8,6,0,FALSE,FALSE,2,TRUE,FALSE,4,9,11,0,TRUE,FALSE,FALSE,TRUE,FALSE,public,8,0,0,FALSE,Service Provider
1364,wallet/src/de/schildbach/wallet/ui/AlertDialogsFragment.java,AlertDialogsFragment,340,9,15,0,0,FALSE,FALSE,3,FALSE,FALSE,29,12,34,60,TRUE,FALSE,FALSE,TRUE,FALSE,public,5,10,0,FALSE,Interfacer
1365,wallet/src/de/schildbach/wallet/ui/EncryptKeysDialogFragment.State.java,State,23,3,0,0,0,FALSE,FALSE,1,FALSE,FALSE,0,0,0,0,TRUE,FALSE,TRUE,FALSE,TRUE,private,0,0,0,FALSE,Information Holder
1366,wallet/src/de/schildbach/wallet/ui/CurrencyAmountView.java,CurrencyAmountView,256,15,21,13,2,FALSE,FALSE,3,FALSE,FALSE,12,18,23,24,TRUE,FALSE,FALSE,TRUE,FALSE,public,15,3,3,FALSE,Interfacer
1367,wallet/src/de/schildbach/wallet/ui/DividerItemDecoration.java,DividerItemDecoration,82,5,5,1,1,FALSE,FALSE,3,FALSE,FALSE,3,10,8,15,TRUE,FALSE,FALSE,TRUE,FALSE,public,5,0,0,FALSE,Interfacer
1368,wallet/src/de/schildbach/wallet/ui/ExchangeRatesActivity.java,ExchangeRatesActivity,29,0,1,0,0,FALSE,FALSE,3,FALSE,FALSE,0,1,2,0,TRUE,FALSE,FALSE,TRUE,FALSE,public,0,0,1,FALSE,Interfacer
1369,wallet/src/de/schildbach/wallet/ui/ExchangeRatesAdapter.OnClickListener.java,OnClickListener,24,0,0,0,0,FALSE,FALSE,3,TRUE,FALSE,0,0,1,0,TRUE,TRUE,TRUE,FALSE,FALSE,public,0,0,0,FALSE,Service Provider
1370,wallet/src/de/schildbach/wallet/ui/ExchangeRatesAdapter.ListItem.java,ListItem,37,5,0,0,0,FALSE,FALSE,2,FALSE,FALSE,0,0,2,1,TRUE,FALSE,TRUE,TRUE,FALSE,public,0,0,0,FALSE,Information Holder
1371,wallet/src/de/schildbach/wallet/ui/ExchangeRatesAdapter.ViewHolder.java,ViewHolder,40,5,0,0,0,FALSE,FALSE,2,TRUE,FALSE,0,0,5,0,TRUE,FALSE,TRUE,TRUE,FALSE,public,0,0,0,FALSE,Information Holder
1372,wallet/src/de/schildbach/wallet/ui/EditAddressBookEntryFragment.java,EditAddressBookEntryFragment,125,6,6,0,0,FALSE,FALSE,5,FALSE,FALSE,4,11,19,15,TRUE,FALSE,FALSE,TRUE,FALSE,public,5,1,0,FALSE,Interfacer
1373,wallet/src/de/schildbach/wallet/ui/ExchangeRatesFragment.ViewModel.java,ViewModel,53,5,3,0,3,FALSE,FALSE,2,FALSE,FALSE,3,0,6,0,TRUE,FALSE,TRUE,TRUE,FALSE,public,3,0,0,FALSE,Information Holder
1374,wallet/src/de/schildbach/wallet/ui/ExchangeRatesFragment.ExchangeRatesLiveData.java,ExchangeRatesLiveData,52,1,3,1,0,FALSE,FALSE,4,FALSE,FALSE,1,1,6,4,TRUE,FALSE,TRUE,TRUE,FALSE,private,1,0,2,FALSE,Information Holder
1375,wallet/src/de/schildbach/wallet/ui/FancyListFragment.java,FancyListFragment,39,0,2,1,0,FALSE,FALSE,3,FALSE,FALSE,0,4,7,0,TRUE,FALSE,FALSE,TRUE,FALSE,public,2,0,0,FALSE,Interfacer
1376,wallet/src/de/schildbach/wallet/ui/ExchangeRatesAdapter.java,ExchangeRatesAdapter,111,2,3,0,0,FALSE,TRUE,3,TRUE,FALSE,6,9,18,5,TRUE,FALSE,FALSE,TRUE,FALSE,public,3,0,0,FALSE,Structurer
1377,wallet/src/de/schildbach/wallet/ui/HelpDialogFragment.java,HelpDialogFragment,57,3,4,0,0,FALSE,FALSE,3,FALSE,FALSE,0,5,7,2,TRUE,FALSE,FALSE,TRUE,FALSE,public,3,1,0,FALSE,Interfacer
1378,wallet/src/de/schildbach/wallet/ui/InputParser.BinaryInputParser.java,BinaryInputParser,62,2,2,0,0,FALSE,FALSE,3,TRUE,FALSE,1,1,6,3,TRUE,FALSE,TRUE,TRUE,FALSE,public,1,0,1,TRUE,Service Provider
1379,wallet/src/de/schildbach/wallet/ui/InputParser.StreamInputParser.java,StreamInputParser,67,2,2,0,0,FALSE,FALSE,3,TRUE,FALSE,1,1,9,6,TRUE,FALSE,TRUE,TRUE,FALSE,public,1,0,1,TRUE,Service Provider
1380,wallet/src/de/schildbach/wallet/ui/InputParser.StringInputParser.java,StringInputParser,106,1,2,0,0,FALSE,FALSE,3,TRUE,FALSE,2,1,16,9,TRUE,FALSE,TRUE,TRUE,FALSE,public,1,0,1,TRUE,Service Provider
1381,wallet/src/de/schildbach/wallet/ui/MaybeMaintenanceFragment.java,MaybeMaintenanceFragment,51,2,2,0,0,FALSE,FALSE,3,FALSE,FALSE,2,2,6,6,TRUE,FALSE,FALSE,TRUE,FALSE,public,2,0,0,FALSE,Interfacer
1382,wallet/src/de/schildbach/wallet/ui/EncryptKeysDialogFragment.java,EncryptKeysDialogFragment,289,18,10,0,0,FALSE,FALSE,4,FALSE,FALSE,9,5,32,36,TRUE,FALSE,FALSE,TRUE,FALSE,public,7,3,0,FALSE,Interfacer
1383,wallet/src/de/schildbach/wallet/ui/ExchangeRatesFragment.java,ExchangeRatesFragment,197,7,8,0,0,FALSE,FALSE,3,FALSE,FALSE,10,11,30,25,TRUE,FALSE,FALSE,TRUE,FALSE,public,7,1,0,FALSE,Interfacer
1384,wallet/src/de/schildbach/wallet/ui/MaybeMaintenanceViewModel.WalletMaintenanceRecommendedLiveData.java,WalletMaintenanceRecommendedLiveData,56,0,2,0,0,FALSE,FALSE,5,FALSE,FALSE,0,1,9,2,TRUE,FALSE,TRUE,TRUE,FALSE,public,0,0,2,FALSE,Information Holder
1385,wallet/src/de/schildbach/wallet/ui/MaybeMaintenanceViewModel.java,MaybeMaintenanceViewModel,65,5,3,1,1,FALSE,FALSE,4,FALSE,FALSE,1,0,7,4,TRUE,FALSE,FALSE,TRUE,FALSE,public,2,1,0,FALSE,Information Holder
1386,wallet/src/de/schildbach/wallet/ui/InputParser.java,InputParser,121,2,4,0,0,FALSE,FALSE,2,TRUE,FALSE,6,8,25,14,TRUE,FALSE,FALSE,TRUE,FALSE,public,1,0,3,TRUE,Service Provider
1387,wallet/src/de/schildbach/wallet/ui/ProgressDialogFragment.java,ProgressDialogFragment,63,3,6,0,0,FALSE,FALSE,3,FALSE,FALSE,0,7,7,2,TRUE,FALSE,FALSE,TRUE,FALSE,public,5,1,0,FALSE,Interfacer
1388,wallet/src/de/schildbach/wallet/ui/ReportIssueViewModel.java,ReportIssueViewModel,33,2,0,0,0,FALSE,FALSE,4,FALSE,FALSE,0,0,4,0,TRUE,FALSE,FALSE,TRUE,FALSE,public,0,0,0,FALSE,Information Holder
1389,wallet/src/de/schildbach/wallet/ui/RequestCoinsActivity.java,RequestCoinsActivity,49,0,4,0,0,FALSE,FALSE,3,FALSE,FALSE,1,3,4,2,TRUE,FALSE,FALSE,TRUE,FALSE,public,3,0,1,FALSE,Interfacer
1390,wallet/src/de/schildbach/wallet/ui/RequestCoinsViewModel.FreshReceiveAddressLiveData.java,FreshReceiveAddressLiveData,51,0,3,1,0,FALSE,FALSE,5,FALSE,FALSE,1,2,6,2,TRUE,FALSE,TRUE,TRUE,FALSE,public,1,1,1,FALSE,Information Holder
1391,wallet/src/de/schildbach/wallet/ui/ReportIssueDialogBuilder.java,ReportIssueDialogBuilder,193,7,7,0,0,FALSE,FALSE,4,TRUE,FALSE,11,5,25,23,TRUE,FALSE,FALSE,TRUE,FALSE,public,1,1,5,TRUE,Service Provider
1392,wallet/src/de/schildbach/wallet/ui/SendCoinsQrActivity.java,SendCoinsQrActivity,84,1,2,0,0,FALSE,FALSE,4,FALSE,FALSE,3,4,15,5,TRUE,FALSE,FALSE,TRUE,FALSE,public,1,0,1,FALSE,Interfacer
1393,wallet/src/de/schildbach/wallet/ui/RequestCoinsViewModel.java,RequestCoinsViewModel,161,10,4,0,0,FALSE,FALSE,4,FALSE,FALSE,4,4,20,20,TRUE,FALSE,FALSE,TRUE,FALSE,public,0,4,0,FALSE,Information Holder
1394,wallet/src/de/schildbach/wallet/ui/SendingAddressesViewModel.AddressesToExcludeLiveData.java,AddressesToExcludeLiveData,56,0,2,0,0,FALSE,FALSE,5,FALSE,FALSE,0,1,12,5,TRUE,FALSE,TRUE,TRUE,FALSE,public,0,1,1,FALSE,Information Holder
1395,wallet/src/de/schildbach/wallet/ui/RequestCoinsFragment.java,RequestCoinsFragment,342,15,20,0,0,FALSE,FALSE,3,FALSE,FALSE,14,18,50,40,TRUE,FALSE,FALSE,TRUE,FALSE,public,12,8,0,FALSE,Interfacer
1396,wallet/src/de/schildbach/wallet/ui/ReportIssueDialogFragment.java,ReportIssueDialogFragment,284,10,11,0,0,FALSE,FALSE,4,FALSE,FALSE,5,16,37,43,TRUE,FALSE,FALSE,TRUE,FALSE,public,5,6,0,FALSE,Interfacer
1397,wallet/src/de/schildbach/wallet/ui/SendingAddressesViewModel.ClipLiveData.java,ClipLiveData,48,1,4,1,0,FALSE,FALSE,3,FALSE,FALSE,0,1,6,1,TRUE,FALSE,TRUE,TRUE,FALSE,public,2,0,2,FALSE,Information Holder
1398,wallet/src/de/schildbach/wallet/ui/SendingAddressesViewModel.java,SendingAddressesViewModel,41,5,0,0,0,FALSE,FALSE,4,FALSE,FALSE,0,0,7,0,TRUE,FALSE,FALSE,TRUE,FALSE,public,0,0,0,FALSE,Information Holder
1399,wallet/src/de/schildbach/wallet/ui/TransactionsAdapter.ChangeType.java,ChangeType,23,8,0,0,0,FALSE,FALSE,2,FALSE,FALSE,0,0,0,0,TRUE,FALSE,TRUE,FALSE,TRUE,private,0,0,0,FALSE,Information Holder
1400,wallet/src/de/schildbach/wallet/ui/StickToTopLinearLayoutManager.java,StickToTopLinearLayoutManager,34,0,1,0,0,FALSE,FALSE,6,TRUE,FALSE,1,3,3,0,TRUE,FALSE,FALSE,TRUE,FALSE,public,1,0,0,FALSE,Service Provider
1401,wallet/src/de/schildbach/wallet/ui/TransactionsAdapter.ItemAnimator.java,ItemAnimator,35,0,1,0,0,FALSE,FALSE,2,TRUE,FALSE,1,2,4,0,TRUE,FALSE,TRUE,TRUE,FALSE,public,1,0,0,FALSE,Structurer
1402,wallet/src/de/schildbach/wallet/ui/ShowPasswordCheckListener.java,ShowPasswordCheckListener,37,1,1,0,0,FALSE,FALSE,4,TRUE,FALSE,0,2,5,1,TRUE,FALSE,FALSE,TRUE,FALSE,public,1,0,0,FALSE,Service Provider
1403,wallet/src/de/schildbach/wallet/ui/TransactionsAdapter.OnClickListener.java,OnClickListener,27,0,0,0,0,FALSE,FALSE,3,TRUE,FALSE,0,0,2,0,TRUE,TRUE,TRUE,FALSE,FALSE,public,0,0,0,FALSE,Service Provider
1404,wallet/src/de/schildbach/wallet/ui/TransactionsAdapter.WarningType.java,WarningType,23,3,0,0,0,FALSE,FALSE,2,FALSE,FALSE,0,0,0,0,TRUE,FALSE,TRUE,FALSE,TRUE,public,0,0,0,FALSE,Information Holder
1405,wallet/src/de/schildbach/wallet/ui/TransactionsAdapter.WarningViewHolder.java,WarningViewHolder,31,1,0,0,0,FALSE,FALSE,3,TRUE,FALSE,0,0,4,0,TRUE,FALSE,TRUE,TRUE,FALSE,public,0,0,0,FALSE,Information Holder
1406,wallet/src/de/schildbach/wallet/ui/SendingAddressesFragment.java,SendingAddressesFragment,304,7,13,0,1,FALSE,FALSE,3,FALSE,FALSE,11,19,45,45,TRUE,FALSE,FALSE,TRUE,FALSE,public,7,6,0,FALSE,Interfacer
1407,wallet/src/de/schildbach/wallet/ui/TransactionsAdapter.TransactionViewHolder.java,TransactionViewHolder,151,16,9,0,0,FALSE,FALSE,3,TRUE,FALSE,1,9,8,2,TRUE,FALSE,TRUE,TRUE,FALSE,public,1,8,0,FALSE,Information Holder
1408,wallet/src/de/schildbach/wallet/uiwalletActionsFragment.java,WalletActionsFragment,79,1,4,0,0,FALSE,FALSE,3,FALSE,FALSE,0,4,11,7,TRUE,FALSE,FALSE,TRUE,FALSE,public,3,1,0,FALSE,Interfacer
1409,wallet/src/de/schildbach/wallet/uiwalletAddressDialogFragment.java,WalletAddressDialogFragment,110,5,4,0,0,FALSE,FALSE,4,FALSE,FALSE,1,7,22,5,TRUE,FALSE,FALSE,TRUE,FALSE,public,3,1,0,FALSE,Interfacer
1410,wallet/src/de/schildbach/wallet/ui/TransactionsAdapter.ListItem.java,ListItem,325,0,0,0,0,FALSE,FALSE,2,FALSE,FALSE,8,0,30,31,TRUE,FALSE,TRUE,TRUE,FALSE,public,0,0,0,FALSE,Information Holder
1411,wallet/src/de/schildbach/wallet/uiwalletAddressFragment.java,WalletAddressFragment,106,6,4,0,0,FALSE,FALSE,3,FALSE,FALSE,2,6,23,7,TRUE,FALSE,FALSE,TRUE,FALSE,public,3,1,0,FALSE,Interfacer
1412,wallet/src/de/schildbach/wallet/ui/TransactionsAdapter.java,TransactionsAdapter,337,8,5,0,1,FALSE,TRUE,2,TRUE,FALSE,49,16,24,20,TRUE,FALSE,FALSE,TRUE,FALSE,public,5,0,0,FALSE,Controller
1413,wallet/src/de/schildbach/wallet/uiwalletAddressViewModel.CurrentAddressLiveData.java,CurrentAddressLiveData,92,1,5,0,0,FALSE,FALSE,4,FALSE,FALSE,0,4,13,2,TRUE,FALSE,TRUE,TRUE,FALSE,public,0,2,3,FALSE,Information Holder
1414,wallet/src/de/schildbach/wallet/uiwalletAddressViewModel.java,WalletAddressViewModel,89,5,3,0,0,FALSE,FALSE,4,FALSE,FALSE,2,2,12,9,TRUE,FALSE,FALSE,TRUE,FALSE,public,0,3,0,FALSE,Information Holder
1415,wallet/src/de/schildbach/wallet/uiwalletAddressesViewModel.ImportedKeysLiveData.java,ImportedKeysLiveData,71,0,4,0,0,FALSE,FALSE,4,FALSE,FALSE,2,3,10,5,TRUE,FALSE,TRUE,TRUE,FALSE,public,1,1,2,FALSE,Information Holder
1416,wallet/src/de/schildbach/wallet/uiwalletAddressesAdapter.java,WalletAddressesAdapter,160,8,13,2,6,FALSE,FALSE,3,TRUE,FALSE,8,13,19,11,TRUE,FALSE,FALSE,TRUE,FALSE,public,11,2,0,FALSE,Structurer
1417,wallet/src/de/schildbach/wallet/uiwalletAddressesViewModel.IssuedReceiveKeysLiveData.java,IssuedReceiveKeysLiveData,56,0,4,0,0,FALSE,FALSE,5,FALSE,FALSE,0,3,8,2,TRUE,FALSE,TRUE,TRUE,FALSE,public,1,1,2,FALSE,Information Holder
1418,wallet/src/de/schildbach/wallet/uiwalletActivity.java,WalletActivity,401,6,18,0,0,FALSE,FALSE,2,FALSE,FALSE,18,11,45,50,TRUE,FALSE,FALSE,TRUE,FALSE,public,10,4,4,FALSE,Interfacer
1419,wallet/src/de/schildbach/wallet/uiwalletBalanceFragment.ViewModel.java,ViewModel,51,4,3,0,3,FALSE,FALSE,2,FALSE,FALSE,3,0,6,0,TRUE,FALSE,TRUE,TRUE,FALSE,public,3,0,0,FALSE,Information Holder
1420,wallet/src/de/schildbach/wallet/uiwalletAddressesViewModel.java,WalletAddressesViewModel,46,6,0,0,0,FALSE,FALSE,4,FALSE,FALSE,0,0,9,1,TRUE,FALSE,FALSE,TRUE,FALSE,public,0,0,0,FALSE,Information Holder
1421,wallet/src/de/schildbach/wallet/uiwalletDisclaimerFragment.DisclaimerEnabledLiveData.java,DisclaimerEnabledLiveData,46,1,3,0,0,FALSE,FALSE,4,FALSE,FALSE,1,2,5,3,TRUE,FALSE,TRUE,TRUE,FALSE,private,1,0,2,FALSE,Information Holder
1422,wallet/src/de/schildbach/wallet/uiwalletAddressesFragment.java,WalletAddressesFragment,184,7,5,0,0,FALSE,FALSE,3,FALSE,FALSE,1,10,31,22,TRUE,FALSE,FALSE,TRUE,FALSE,public,5,0,0,FALSE,Interfacer
1423,wallet/src/de/schildbach/wallet/uiwalletDisclaimerFragment.ViewModel.java,ViewModel,43,3,2,0,2,FALSE,FALSE,2,FALSE,FALSE,2,0,4,0,TRUE,FALSE,TRUE,TRUE,FALSE,public,2,0,0,FALSE,Information Holder
1424,wallet/src/de/schildbach/wallet/uiwalletTransactionsViewModel.Direction.java,Direction,23,2,0,0,0,FALSE,FALSE,1,FALSE,FALSE,0,0,0,0,TRUE,FALSE,TRUE,FALSE,TRUE,public,0,0,0,FALSE,Information Holder
1425,wallet/src/de/schildbach/wallet/uiwalletDisclaimerFragment.java,WalletDisclaimerFragment,94,2,3,0,0,FALSE,FALSE,3,FALSE,FALSE,5,4,17,8,TRUE,FALSE,FALSE,TRUE,FALSE,public,2,1,0,FALSE,Interfacer
1426,wallet/src/de/schildbach/wallet/uiwalletTransactionsViewModel.TransactionsConfidenceLiveData.java,TransactionsConfidenceLiveData,48,0,4,0,0,FALSE,FALSE,4,FALSE,FALSE,0,4,6,0,TRUE,FALSE,TRUE,TRUE,FALSE,private,1,0,3,FALSE,Information Holder
1427,wallet/src/de/schildbach/wallet/uiwalletTransactionsViewModel.TransactionsLiveData.java,TransactionsLiveData,93,2,5,0,0,FALSE,FALSE,3,FALSE,FALSE,0,4,13,1,TRUE,FALSE,TRUE,TRUE,FALSE,public,0,2,3,FALSE,Information Holder
1428,wallet/src/de/schildbach/wallet/uiwalletViewModel.EnterAnimationState.java,EnterAnimationState,23,3,0,0,0,FALSE,FALSE,3,FALSE,FALSE,0,0,0,0,TRUE,FALSE,TRUE,FALSE,TRUE,public,0,0,0,FALSE,Information Holder
1429,wallet/src/de/schildbach/wallet/uiwalletBalanceFragment.java,WalletBalanceFragment,218,12,9,0,0,FALSE,FALSE,3,FALSE,FALSE,11,11,26,19,TRUE,FALSE,FALSE,TRUE,FALSE,public,7,2,0,FALSE,Interfacer
1430,wallet/src/de/schildbach/wallet/uiwalletViewModel.java,WalletViewModel,71,4,7,0,0,FALSE,FALSE,3,FALSE,FALSE,3,0,5,2,TRUE,FALSE,FALSE,TRUE,FALSE,public,6,1,0,FALSE,Information Holder
1431,wallet/src/de/schildbach/wallet/uiwalletViewModel.WalletEncryptedLiveData.java,WalletEncryptedLiveData,45,0,2,0,0,FALSE,FALSE,4,FALSE,FALSE,0,1,5,2,TRUE,FALSE,TRUE,TRUE,FALSE,public,0,0,2,FALSE,Information Holder
1432,wallet/src/de/schildbach/wallet/uiwalletTransactionsViewModel.java,WalletTransactionsViewModel,165,11,5,3,1,FALSE,FALSE,4,FALSE,FALSE,4,3,26,29,TRUE,FALSE,FALSE,TRUE,FALSE,public,4,1,0,FALSE,Information Holder
1433,wallet/src/de/schildbach/wallet/ui/send/DecodePrivateKeyTask.java,DecodePrivateKeyTask,57,2,1,0,0,FALSE,FALSE,4,FALSE,FALSE,0,2,4,4,TRUE,FALSE,FALSE,TRUE,FALSE,public,1,0,0,TRUE,Service Provider
1434,wallet/src/de/schildbach/wallet/ui/send/MaintenanceDialogFragment.State.java,State,23,3,0,0,0,FALSE,FALSE,1,FALSE,FALSE,0,0,0,0,TRUE,FALSE,TRUE,FALSE,TRUE,private,0,0,0,FALSE,Information Holder
1435,wallet/src/de/schildbach/wallet/ui/send/FeeCategory.java,FeeCategory,35,3,0,0,0,FALSE,FALSE,2,FALSE,FALSE,0,0,0,0,TRUE,FALSE,FALSE,FALSE,TRUE,public,0,0,0,FALSE,Information Holder
1436,wallet/src/de/schildbach/wallet/ui/send/RaiseFeeDialogFragment.State.java,State,23,3,0,0,0,FALSE,FALSE,1,FALSE,FALSE,0,0,0,0,TRUE,FALSE,TRUE,FALSE,TRUE,private,0,0,0,FALSE,Information Holder
1437,wallet/src/de/schildbach/wallet/ui/send/DeriveKeyTask.java,DeriveKeyTask,85,4,1,0,0,FALSE,FALSE,3,FALSE,FALSE,2,2,12,7,TRUE,FALSE,FALSE,TRUE,FALSE,public,1,0,0,TRUE,Service Provider
1438,wallet/src/de/schildbach/wallet/ui/send/RaiseFeeDialogFragment.ViewModel.java,ViewModel,37,2,1,0,1,FALSE,FALSE,2,FALSE,FALSE,1,0,4,0,TRUE,FALSE,TRUE,TRUE,FALSE,public,1,0,0,FALSE,Information Holder
1439,wallet/src/de/schildbach/wallet/ui/send/RequestPaymentRequestTask.BluetoothRequestTask.java,BluetoothRequestTask,86,1,1,0,0,FALSE,FALSE,3,FALSE,FALSE,1,1,14,9,TRUE,FALSE,TRUE,TRUE,FALSE,public,1,0,0,FALSE,Structurer
1440,wallet/src/de/schildbach/wallet/uiwalletTransactionsFragment.java,WalletTransactionsFragment,317,14,12,0,0,FALSE,FALSE,3,FALSE,FALSE,13,15,46,47,TRUE,FALSE,FALSE,TRUE,FALSE,public,10,2,0,FALSE,Interfacer
1441,wallet/src/de/schildbach/wallet/ui/send/RequestPaymentRequestTask.ResultCallback.java,ResultCallback,25,0,0,0,0,FALSE,FALSE,2,FALSE,FALSE,0,0,1,0,TRUE,TRUE,TRUE,FALSE,FALSE,public,0,0,0,FALSE,Service Provider
1442,wallet/src/de/schildbach/wallet/ui/send/RequestPaymentRequestTask.HttpRequestTask.java,HttpRequestTask,85,1,1,0,0,FALSE,FALSE,3,FALSE,FALSE,2,1,13,12,TRUE,FALSE,TRUE,TRUE,FALSE,public,1,0,0,FALSE,Service Provider
1443,wallet/src/de/schildbach/wallet/ui/send/RequestWalletBalanceTask.ElectrumServer.java,ElectrumServer,45,3,0,0,0,FALSE,FALSE,2,TRUE,FALSE,1,0,2,1,TRUE,FALSE,TRUE,TRUE,FALSE,public,0,0,0,FALSE,Information Holder
1444,wallet/src/de/schildbach/wallet/ui/send/RequestPaymentRequestTask.java,RequestPaymentRequestTask,53,4,2,0,0,FALSE,FALSE,4,FALSE,FALSE,0,3,5,3,TRUE,FALSE,FALSE,TRUE,FALSE,public,0,0,2,TRUE,Service Provider
1445,wallet/src/de/schildbach/wallet/ui/send/RequestWalletBalanceTask.JsonRpcResponse.java,JsonRpcResponse,30,2,0,0,0,FALSE,FALSE,3,FALSE,FALSE,0,0,0,0,TRUE,FALSE,TRUE,TRUE,FALSE,public,0,0,0,FALSE,Information Holder
1446,wallet/src/de/schildbach/wallet/ui/send/RequestWalletBalanceTask.JsonRpcRequest.java,JsonRpcRequest,31,4,0,0,0,FALSE,FALSE,3,FALSE,FALSE,0,0,0,0,TRUE,FALSE,TRUE,TRUE,FALSE,public,0,0,0,FALSE,Information Holder
1447,wallet/src/de/schildbach/wallet/ui/send/RequestWalletBalanceTask.ResultCallback.java,ResultCallback,26,0,0,0,0,FALSE,FALSE,2,FALSE,FALSE,0,0,2,0,TRUE,TRUE,TRUE,FALSE,FALSE,public,0,0,0,FALSE,Service Provider
1448,wallet/src/de/schildbach/wallet/ui/send/SendCoinsActivity.java,SendCoinsActivity,75,2,6,0,0,FALSE,FALSE,3,FALSE,FALSE,3,13,13,2,TRUE,FALSE,FALSE,TRUE,FALSE,public,5,0,1,FALSE,Interfacer
1449,wallet/src/de/schildbach/wallet/ui/send/SendCoinsFragment.ReceivingAddressListener.java,ReceivingAddressListener,65,0,5,0,0,FALSE,FALSE,3,TRUE,FALSE,2,15,9,4,TRUE,FALSE,TRUE,TRUE,FALSE,private,5,0,0,FALSE,Service Provider
1450,wallet/src/de/schildbach/wallet/ui/send/MaintenanceDialogFragment.java,MaintenanceDialogFragment,267,15,13,0,0,FALSE,FALSE,3,FALSE,FALSE,5,6,40,27,TRUE,FALSE,FALSE,TRUE,FALSE,public,7,6,0,FALSE,Interfacer
1451,wallet/src/de/schildbach/wallet/ui/send/SendCoinsFragment.ReceivingAddressViewAdapter.java,ReceivingAddressViewAdapter,77,1,2,0,2,FALSE,FALSE,4,TRUE,FALSE,3,3,13,6,TRUE,FALSE,TRUE,TRUE,FALSE,private,2,0,0,FALSE,Service Provider
1452,wallet/src/de/schildbach/wallet/ui/send/RaiseFeeDialogFragment.java,RaiseFeeDialogFragment,287,20,13,0,0,FALSE,FALSE,4,FALSE,FALSE,9,13,44,27,TRUE,FALSE,FALSE,TRUE,FALSE,public,7,6,0,FALSE,Interfacer
1453,wallet/src/de/schildbach/wallet/ui/send/SendCoinsViewModel.State.java,State,25,7,0,0,0,FALSE,FALSE,1,FALSE,FALSE,0,0,0,0,TRUE,FALSE,TRUE,FALSE,TRUE,public,0,0,0,FALSE,Information Holder
1454,wallet/src/de/schildbach/wallet/ui/send/RequestWalletBalanceTask.java,RequestWalletBalanceTask,227,5,6,0,0,FALSE,FALSE,4,FALSE,FALSE,8,7,47,32,TRUE,FALSE,FALSE,TRUE,FALSE,public,1,3,2,FALSE,Service Provider
1455,wallet/src/de/schildbach/wallet/ui/send/SweepWalletActivity.java,SweepWalletActivity,44,1,3,0,0,FALSE,FALSE,3,FALSE,FALSE,0,4,7,0,TRUE,FALSE,FALSE,TRUE,FALSE,public,3,0,0,FALSE,Controller
1456,wallet/src/de/schildbach/wallet/ui/send/SendCoinsViewModel.java,SendCoinsViewModel,71,15,0,0,0,FALSE,FALSE,4,FALSE,FALSE,0,0,17,1,TRUE,FALSE,FALSE,TRUE,FALSE,public,0,0,0,FALSE,Information Holder
1457,wallet/src/de/schildbach/wallet/ui/send/SendCoinsOfflineTask.java,SendCoinsOfflineTask,119,4,2,0,0,FALSE,FALSE,4,FALSE,FALSE,2,1,14,15,TRUE,FALSE,FALSE,TRUE,FALSE,public,1,0,1,TRUE,Service Provider
1458,wallet/src/de/schildbach/wallet/ui/send/SweepWalletFragment.State.java,State,25,6,0,0,0,FALSE,FALSE,1,FALSE,FALSE,0,0,0,0,TRUE,FALSE,TRUE,FALSE,TRUE,private,0,0,0,FALSE,Information Holder
1459,wallet/src/de/schildbach/wallet/ui/send/SweepWalletFragment.FakeTransaction.java,FakeTransaction,34,1,1,0,1,FALSE,FALSE,2,FALSE,FALSE,0,0,3,0,TRUE,FALSE,TRUE,TRUE,FALSE,private,1,0,0,FALSE,Information Holder
1460,wallet/src/de/schildbach/wallet/ui/send/SweepWalletFragment.ViewModel.java,ViewModel,48,6,1,0,1,FALSE,FALSE,2,FALSE,FALSE,1,0,8,0,TRUE,FALSE,TRUE,TRUE,FALSE,public,1,0,0,FALSE,Information Holder
1461,wallet/src/de/schildbach/wallet/ui/scan/ScanActivity.AutoFocusRunnable.java,AutoFocusRunnable,42,2,1,0,0,FALSE,FALSE,3,FALSE,FALSE,0,0,1,1,TRUE,FALSE,TRUE,TRUE,FALSE,private,1,0,0,FALSE,Service Provider
1462,wallet/src/de/schildbach/wallet/ui/scan/ScanActivity.WarnDialogFragment.java,WarnDialogFragment,55,1,3,0,0,FALSE,FALSE,3,FALSE,FALSE,0,5,7,6,TRUE,FALSE,TRUE,TRUE,FALSE,public,3,0,0,FALSE,Interfacer
1463,wallet/src/de/schildbach/wallet/ui/scan/CameraManager.java,CameraManager,257,11,15,3,5,FALSE,FALSE,2,TRUE,FALSE,21,15,16,25,TRUE,FALSE,FALSE,TRUE,FALSE,public,9,6,0,FALSE,Information Holder
1464,wallet/src/de/schildbach/wallet/ui/scan/ScanViewModel.java,ScanViewModel,26,2,0,0,0,FALSE,FALSE,3,FALSE,FALSE,0,0,2,0,TRUE,FALSE,FALSE,TRUE,FALSE,public,0,0,0,FALSE,Structurer
1465,wallet/src/de/schildbach/wallet/ui/scan/ScannerView.java,ScannerView,127,13,4,2,0,FALSE,FALSE,2,FALSE,FALSE,3,8,16,12,TRUE,FALSE,FALSE,TRUE,FALSE,public,4,0,0,FALSE,Interfacer
1466,wallet/src/de/schildbach/wallet/ui/preference/AboutFragment.java,AboutFragment,59,5,2,0,0,FALSE,FALSE,2,FALSE,FALSE,1,2,11,3,TRUE,FALSE,FALSE,TRUE,FALSE,public,2,0,0,FALSE,Interfacer
1467,wallet/src/de/schildbach/wallet/ui/scan/ScanActivity.java,ScanActivity,379,19,19,0,0,FALSE,FALSE,2,FALSE,FALSE,11,23,52,37,TRUE,FALSE,FALSE,TRUE,FALSE,public,13,3,3,FALSE,Interfacer
1468,wallet/src/de/schildbach/wallet/ui/preference/ExtendedPublicKeyFragment.java,ExtendedPublicKeyFragment,87,4,4,0,0,FALSE,FALSE,4,FALSE,FALSE,0,5,16,6,TRUE,FALSE,FALSE,TRUE,FALSE,public,3,1,0,FALSE,Interfacer
1469,wallet/src/de/schildbach/wallet/ui/preference/DiagnosticsFragment.java,DiagnosticsFragment,87,5,5,0,0,FALSE,FALSE,2,FALSE,FALSE,1,4,16,8,TRUE,FALSE,FALSE,TRUE,FALSE,public,3,2,0,FALSE,Interfacer
1470,wallet/src/de/schildbach/wallet/ui/preference/PreferenceActivity.java,PreferenceActivity,44,0,3,0,0,FALSE,FALSE,2,FALSE,FALSE,1,3,3,4,TRUE,FALSE,FALSE,TRUE,FALSE,public,2,0,1,FALSE,Interfacer
1471,wallet/src/de/schildbach/wallet/ui/preference/ResolveDnsTask.java,ResolveDnsTask,57,2,1,0,0,FALSE,FALSE,3,FALSE,FALSE,0,1,4,4,TRUE,FALSE,FALSE,TRUE,FALSE,public,1,0,0,TRUE,Service Provider
1472,wallet/src/de/schildbach/wallet/ui/send/SweepWalletFragment.java,SweepWalletFragment,527,26,15,1,0,FALSE,FALSE,3,FALSE,FALSE,26,13,70,57,TRUE,FALSE,FALSE,TRUE,FALSE,public,7,8,0,FALSE,Interfacer
1473,wallet/src/de/schildbach/wallet/ui/monitor/BlockListAdapter.OnClickListener.java,OnClickListener,25,0,0,0,0,FALSE,FALSE,3,TRUE,FALSE,0,0,2,0,TRUE,TRUE,TRUE,FALSE,FALSE,public,0,0,0,FALSE,Information Holder
1474,wallet/src/de/schildbach/wallet/ui/preference/SettingsFragment.java,SettingsFragment,119,10,5,0,0,FALSE,FALSE,2,FALSE,FALSE,2,4,17,11,TRUE,FALSE,FALSE,TRUE,FALSE,public,4,1,0,FALSE,Interfacer
1475,wallet/src/de/schildbach/wallet/ui/monitor/BlockListAdapter.ViewHolder.java,ViewHolder,45,7,0,0,0,FALSE,FALSE,2,TRUE,FALSE,0,0,6,0,TRUE,FALSE,TRUE,TRUE,FALSE,public,0,0,0,FALSE,Information Holder
1476,wallet/src/de/schildbach/wallet/ui/monitor/BlockListAdapter.ListItem.java,ListItem,115,7,2,0,0,FALSE,FALSE,2,FALSE,FALSE,7,2,20,14,TRUE,FALSE,TRUE,TRUE,FALSE,public,0,2,0,FALSE,Structurer
1477,wallet/src/de/schildbach/wallet/ui/monitor/BlockListFragment.TransactionsLiveData.java,TransactionsLiveData,58,0,2,0,0,FALSE,FALSE,3,FALSE,FALSE,2,1,10,4,TRUE,FALSE,TRUE,TRUE,FALSE,private,0,1,1,FALSE,Information Holder
1478,wallet/src/de/schildbach/wallet/ui/monitor/BlockListFragment.BlocksLiveData.java,BlocksLiveData,69,4,4,0,0,FALSE,FALSE,3,FALSE,FALSE,1,3,13,1,TRUE,FALSE,TRUE,TRUE,FALSE,private,2,0,2,FALSE,Information Holder
1479,wallet/src/de/schildbach/wallet/ui/monitor/BlockListAdapter.java,BlockListAdapter,127,4,4,0,0,FALSE,TRUE,3,TRUE,FALSE,4,14,23,6,TRUE,FALSE,FALSE,TRUE,FALSE,public,3,1,0,FALSE,Structurer
1480,wallet/src/de/schildbach/wallet/ui/monitor/NetworkMonitorActivity.PagerAdapter.java,PagerAdapter,39,0,2,0,2,FALSE,FALSE,2,TRUE,FALSE,1,1,3,0,TRUE,FALSE,TRUE,TRUE,FALSE,private,2,0,0,FALSE,Information Holder
1481,wallet/src/de/schildbach/wallet/ui/monitor/BlockListFragment.ViewModel.java,ViewModel,62,6,4,0,4,FALSE,FALSE,2,FALSE,FALSE,4,0,9,1,TRUE,FALSE,TRUE,TRUE,FALSE,public,4,0,0,FALSE,Information Holder
1482,wallet/src/de/schildbach/wallet/ui/monitor/PeerListAdapter.ListItem.java,ListItem,47,7,0,0,0,FALSE,FALSE,2,FALSE,FALSE,0,0,6,5,TRUE,FALSE,TRUE,TRUE,FALSE,public,0,0,0,FALSE,Information Holder
1483,wallet/src/de/schildbach/wallet/ui/monitor/NetworkMonitorActivity.java,NetworkMonitorActivity,51,2,1,0,0,FALSE,FALSE,3,FALSE,FALSE,1,1,6,0,TRUE,FALSE,FALSE,TRUE,FALSE,public,0,0,1,FALSE,Interfacer
1484,wallet/src/de/schildbach/wallet/ui/monitor/PeerListAdapter.ViewHolder.java,ViewHolder,39,5,0,0,0,FALSE,FALSE,2,TRUE,FALSE,0,0,4,0,TRUE,FALSE,TRUE,TRUE,FALSE,public,0,0,0,FALSE,Information Holder
1485,wallet/src/de/schildbach/wallet/ui/monitor/BlockListFragment.java,BlockListFragment,144,9,5,0,0,FALSE,FALSE,3,FALSE,FALSE,2,7,33,17,TRUE,FALSE,FALSE,TRUE,FALSE,public,4,1,0,FALSE,Interfacer
1486,wallet/src/de/schildbach/wallet/ui/monitor/PeerListFragment.HostnamesLiveData.java,HostnamesLiveData,51,1,1,0,0,FALSE,FALSE,3,FALSE,FALSE,1,1,7,3,TRUE,FALSE,TRUE,TRUE,FALSE,private,1,0,0,FALSE,Information Holder
1487,wallet/src/de/schildbach/wallet/ui/monitor/PeerListAdapter.java,PeerListAdapter,79,1,3,0,0,FALSE,TRUE,3,TRUE,FALSE,3,7,13,3,TRUE,FALSE,FALSE,TRUE,FALSE,public,3,0,0,FALSE,Structurer
1488,wallet/src/de/schildbach/wallet/ui/monitor/PeerListFragment.ViewModel.java,ViewModel,42,3,2,0,2,FALSE,FALSE,2,FALSE,FALSE,2,0,3,0,TRUE,FALSE,TRUE,TRUE,FALSE,public,2,0,0,FALSE,Information Holder
1489,wallet/src/de/schildbach/wallet/ui/monitor/PeerListFragment.PeersLiveData.java,PeersLiveData,68,4,4,0,0,FALSE,FALSE,3,FALSE,FALSE,1,3,13,3,TRUE,FALSE,TRUE,TRUE,FALSE,private,2,0,2,FALSE,Information Holder
1490,wallet/src/de/schildbach/wallet/ui/monitor/PeerListFragment.java,PeerListFragment,88,5,4,0,0,FALSE,FALSE,3,FALSE,FALSE,2,5,18,7,TRUE,FALSE,FALSE,TRUE,FALSE,public,3,1,0,FALSE,Interfacer
1491,wallet/src/de/schildbach/wallet/ui/backup/BackupWalletDialogFragment.ErrorDialogFragment.java,ErrorDialogFragment,46,2,2,0,0,FALSE,FALSE,3,FALSE,FALSE,0,3,6,3,TRUE,FALSE,TRUE,TRUE,FALSE,public,2,0,0,FALSE,Interfacer
1492,wallet/src/de/schildbach/wallet/ui/backup/BackupWalletDialogFragment.SuccessDialogFragment.java,SuccessDialogFragment,47,2,2,0,0,FALSE,FALSE,3,FALSE,FALSE,0,3,7,2,TRUE,FALSE,TRUE,TRUE,FALSE,public,2,0,0,FALSE,Interfacer
1493,wallet/src/de/schildbach/wallet/ui/backup/BackupWalletViewModel.java,BackupWalletViewModel,35,3,0,0,0,FALSE,FALSE,4,FALSE,FALSE,0,0,5,0,TRUE,FALSE,FALSE,TRUE,FALSE,public,0,0,0,FALSE,Information Holder
1494,wallet/src/de/schildbach/wallet/ui/backup/FileAdapter.java,FileAdapter,52,2,2,1,1,FALSE,FALSE,2,TRUE,FALSE,1,4,9,1,TRUE,FALSE,FALSE,TRUE,FALSE,public,2,0,0,TRUE,Structurer
1495,wallet/src/de/schildbach/wallet/ui/backup/ImportDialogButtonEnablerListener.java,ImportDialogButtonEnablerListener,69,2,8,0,0,FALSE,FALSE,5,TRUE,FALSE,0,14,9,1,TRUE,FALSE,FALSE,TRUE,FALSE,public,6,0,2,FALSE,Service Provider
1496,wallet/src/de/schildbach/wallet/ui/backup/RestoreWalletDialogFragment.FailureDialogFragment.java,FailureDialogFragment,53,2,2,0,0,FALSE,FALSE,3,FALSE,FALSE,0,3,7,5,TRUE,FALSE,TRUE,TRUE,FALSE,public,2,0,0,FALSE,Interfacer
1497,wallet/src/de/schildbach/wallet/ui/backup/RestoreWalletDialogFragment.PermissionDeniedDialogFragment.java,PermissionDeniedDialogFragment,49,1,2,0,0,FALSE,FALSE,4,FALSE,FALSE,0,2,7,4,TRUE,FALSE,TRUE,TRUE,FALSE,public,2,0,0,FALSE,Interfacer
1498,wallet/src/de/schildbach/wallet/ui/backup/RestoreWalletDialogFragment.SuccessDialogFragment.java,SuccessDialogFragment,69,3,3,0,0,FALSE,FALSE,3,FALSE,FALSE,1,4,10,5,TRUE,FALSE,TRUE,TRUE,FALSE,public,3,0,0,FALSE,Interfacer
1499,wallet/src/de/schildbach/wallet/ui/backup/RestoreWalletFromExternalActivity.java,RestoreWalletFromExternalActivity,29,0,1,0,0,FALSE,FALSE,5,FALSE,FALSE,0,1,2,1,TRUE,FALSE,FALSE,TRUE,FALSE,public,0,0,1,FALSE,Interfacer
1500,wallet/src/de/schildbach/wallet/ui/backup/RestoreWalletFromExternalDialogFragment.FailureDialogFragment.java,FailureDialogFragment,77,4,3,0,0,FALSE,FALSE,3,FALSE,FALSE,0,5,11,9,TRUE,FALSE,TRUE,TRUE,FALSE,public,3,0,0,FALSE,Interfacer
1501,wallet/src/de/schildbach/wallet/ui/send/SendCoinsFragment.java,SendCoinsFragment,1125,41,33,1,0,FALSE,FALSE,3,FALSE,FALSE,66,27,95,175,TRUE,FALSE,FALSE,TRUE,FALSE,public,12,21,0,FALSE,Interfacer
1502,wallet/src/de/schildbach/wallet/ui/backup/RestoreWalletFromExternalDialogFragment.SuccessDialogFragment.java,SuccessDialogFragment,69,3,3,0,0,FALSE,FALSE,3,FALSE,FALSE,1,4,10,4,TRUE,FALSE,TRUE,TRUE,FALSE,public,3,0,0,FALSE,Interfacer
1503,wallet/src/de/schildbach/wallet/ui/backup/RestoreWalletViewModel.java,RestoreWalletViewModel,33,2,0,0,0,FALSE,FALSE,4,FALSE,FALSE,0,0,4,0,TRUE,FALSE,FALSE,TRUE,FALSE,public,0,0,0,FALSE,Information Holder
1504,wallet/src/de/schildbach/wallet/ui/backup/BackupWalletDialogFragment.java,BackupWalletDialogFragment,269,13,10,0,0,FALSE,FALSE,4,FALSE,FALSE,8,9,46,40,TRUE,FALSE,FALSE,TRUE,FALSE,public,6,4,0,FALSE,Interfacer
1505,wallet/src/de/schildbach/wallet/service/BlockchainService.LocalBinder.java,LocalBinder,26,0,1,0,1,FALSE,FALSE,2,TRUE,FALSE,0,0,1,0,TRUE,FALSE,TRUE,TRUE,FALSE,public,1,0,0,FALSE,Information Holder
1506,wallet/src/de/schildbach/wallet/ui/backup/RestoreWalletFromExternalDialogFragment.java,RestoreWalletFromExternalDialogFragment,170,12,6,0,0,FALSE,FALSE,6,FALSE,FALSE,0,8,38,20,TRUE,FALSE,FALSE,TRUE,FALSE,public,4,2,0,FALSE,Interfacer
1507,wallet/src/de/schildbach/wallet/service/BlockchainService.NewTransactionLiveData.java,NewTransactionLiveData,56,2,2,0,0,FALSE,FALSE,4,FALSE,FALSE,0,0,7,0,TRUE,FALSE,TRUE,TRUE,FALSE,private,0,0,2,FALSE,Information Holder
1508,wallet/src/de/schildbach/wallet/service/BlockchainService.PeerConnectivityListener.java,PeerConnectivityListener,87,2,5,0,0,FALSE,FALSE,3,TRUE,FALSE,3,7,13,5,TRUE,FALSE,TRUE,TRUE,FALSE,private,4,1,0,FALSE,Service Provider
1509,wallet/src/de/schildbach/wallet/service/BlockchainService.ImpedimentsLiveData.java,ImpedimentsLiveData,96,4,3,0,0,FALSE,FALSE,3,FALSE,FALSE,7,1,11,10,TRUE,FALSE,TRUE,TRUE,FALSE,private,0,1,2,FALSE,Structurer
1510,wallet/src/de/schildbach/wallet/service/BlockchainState.java,BlockchainState,58,8,2,0,0,FALSE,FALSE,2,FALSE,FALSE,1,2,4,0,TRUE,FALSE,FALSE,TRUE,FALSE,public,2,0,0,FALSE,Information Holder
1511,wallet/src/de/schildbach/wallet/service/BlockchainState.Impediment.java,Impediment,23,2,0,0,0,FALSE,FALSE,1,FALSE,FALSE,0,0,0,0,TRUE,FALSE,TRUE,FALSE,TRUE,public,0,0,0,FALSE,Information Holder
1512,wallet/src/de/schildbach/wallet/ui/backup/RestoreWalletDialogFragment.java,RestoreWalletDialogFragment,293,12,11,0,0,FALSE,FALSE,4,FALSE,FALSE,9,12,49,40,TRUE,FALSE,FALSE,TRUE,FALSE,public,6,5,0,FALSE,Interfacer
1513,wallet/src/de/schildbach/wallet/service/BootstrapReceiver.java,BootstrapReceiver,50,1,1,0,0,FALSE,FALSE,2,TRUE,FALSE,3,2,8,6,TRUE,FALSE,FALSE,TRUE,FALSE,public,1,0,0,FALSE,Controller
1514,wallet/src/de/schildbach/wallet/service/UpgradeWalletService.java,UpgradeWalletService,83,2,4,0,0,FALSE,FALSE,3,FALSE,FALSE,2,3,12,6,TRUE,FALSE,FALSE,TRUE,FALSE,public,2,1,1,FALSE,Coordinator
1515,wallet/src/de/schildbach/wallet/offline/AcceptBluetoothThread.ClassicBluetoothThread.java,ClassicBluetoothThread,66,0,1,0,0,FALSE,FALSE,3,FALSE,FALSE,1,0,9,6,TRUE,FALSE,TRUE,TRUE,FALSE,public,1,0,0,TRUE,Service Provider
1516,wallet/src/de/schildbach/wallet/offline/AcceptBluetoothThread.PaymentProtocolThread.java,PaymentProtocolThread,64,0,1,0,0,FALSE,FALSE,3,FALSE,FALSE,1,0,11,4,TRUE,FALSE,TRUE,TRUE,FALSE,public,1,0,0,TRUE,Service Provider
1517,wallet/src/de/schildbach/wallet/service/InactivityNotificationService.java,InactivityNotificationService,147,7,7,0,0,FALSE,FALSE,3,FALSE,FALSE,6,4,21,19,TRUE,FALSE,FALSE,TRUE,FALSE,public,2,4,1,FALSE,Interfacer
1518,wallet/src/de/schildbach/wallet/offline/AcceptBluetoothThread.java,AcceptBluetoothThread,44,3,1,0,0,FALSE,FALSE,3,FALSE,FALSE,0,0,6,1,TRUE,FALSE,FALSE,TRUE,FALSE,public,1,0,0,TRUE,Coordinator
1519,wallet/src/de/schildbach/wallet/offline/AcceptBluetoothService.java,AcceptBluetoothService,156,11,5,0,0,FALSE,FALSE,3,FALSE,FALSE,4,5,25,22,TRUE,FALSE,FALSE,TRUE,FALSE,public,4,1,0,FALSE,Service Provider
1520,wallet/src/de/schildbach/wallet/offline/DirectPaymentTask.ResultCallback.java,ResultCallback,24,0,0,0,0,FALSE,FALSE,2,FALSE,FALSE,0,0,0,0,TRUE,TRUE,TRUE,FALSE,FALSE,public,0,0,0,FALSE,Service Provider
1521,wallet/src/de/schildbach/wallet/offline/DirectPaymentTask.HttpPaymentTask.java,HttpPaymentTask,97,2,1,0,0,FALSE,FALSE,3,FALSE,FALSE,2,1,16,15,TRUE,FALSE,TRUE,TRUE,FALSE,public,1,0,0,FALSE,Service Provider
1522,wallet/src/de/schildbach/wallet/offline/DirectPaymentTask.BluetoothPaymentTask.java,BluetoothPaymentTask,72,2,1,0,0,FALSE,FALSE,3,FALSE,FALSE,1,1,12,8,TRUE,FALSE,TRUE,TRUE,FALSE,public,1,0,0,FALSE,Service Provider
1523,wallet/src/de/schildbach/wallet/data/AddressBookDao.java,AddressBookDao,42,0,0,0,0,FALSE,FALSE,3,FALSE,FALSE,0,0,7,0,TRUE,TRUE,FALSE,FALSE,FALSE,public,0,0,0,FALSE,Service Provider
1524,wallet/src/de/schildbach/wallet/offline/DirectPaymentTask.java,DirectPaymentTask,53,4,2,0,0,FALSE,FALSE,3,FALSE,FALSE,0,3,5,3,TRUE,FALSE,FALSE,TRUE,FALSE,public,0,0,2,TRUE,Service Provider
1525,wallet/src/de/schildbach/wallet/data/AppDatabase.java,AppDatabase,53,2,1,0,1,TRUE,FALSE,2,FALSE,FALSE,2,1,6,2,TRUE,FALSE,FALSE,TRUE,FALSE,public,1,0,0,TRUE,Information Holder
1526,wallet/src/de/schildbach/wallet/data/AbstractWalletLiveData.java,AbstractWalletLiveData,88,6,5,0,1,FALSE,FALSE,4,FALSE,FALSE,2,1,9,1,TRUE,FALSE,FALSE,TRUE,FALSE,public,0,1,4,TRUE,Information Holder
1527,wallet/src/de/schildbach/wallet/data/ConfigFormatLiveData.java,ConfigFormatLiveData,46,1,3,0,0,FALSE,FALSE,4,FALSE,FALSE,1,2,5,3,TRUE,FALSE,FALSE,TRUE,FALSE,public,1,0,2,FALSE,Information Holder
1528,wallet/src/de/schildbach/wallet/data/BlockchainStateLiveData.java,BlockchainStateLiveData,64,3,4,0,0,FALSE,FALSE,4,FALSE,FALSE,0,3,12,2,TRUE,FALSE,FALSE,TRUE,FALSE,public,2,0,2,FALSE,Information Holder
1529,wallet/src/de/schildbach/wallet/data/AddressBookEntry.java,AddressBookEntry,54,2,3,0,2,FALSE,FALSE,3,FALSE,FALSE,1,1,7,1,TRUE,FALSE,FALSE,TRUE,FALSE,public,3,0,0,FALSE,Information Holder
1530,wallet/src/de/schildbach/wallet/data/ExchangeRate.java,ExchangeRate,37,2,2,0,1,FALSE,FALSE,2,FALSE,FALSE,0,0,1,1,TRUE,FALSE,FALSE,TRUE,FALSE,public,2,0,0,FALSE,Information Holder
1531,wallet/src/de/schildbach/wallet/data/ConfigOwnNameLiveData.java,ConfigOwnNameLiveData,45,1,3,0,0,FALSE,FALSE,5,FALSE,FALSE,1,2,4,3,TRUE,FALSE,FALSE,TRUE,FALSE,public,1,0,2,FALSE,Information Holder
1532,wallet/src/de/schildbach/wallet/data/PaymentIntent.Output.java,Output,95,3,5,0,0,FALSE,FALSE,1,FALSE,FALSE,1,3,8,12,TRUE,FALSE,TRUE,TRUE,FALSE,public,5,0,0,FALSE,Information Holder
1533,wallet/src/de/schildbach/wallet/data/PaymentIntent.Standard.java,Standard,23,2,0,0,0,FALSE,FALSE,1,FALSE,FALSE,0,0,0,0,TRUE,FALSE,TRUE,FALSE,TRUE,public,0,0,0,FALSE,Information Holder
1534,wallet/src/de/schildbach/wallet/service/BlockchainService.java,BlockchainService,623,35,18,0,3,FALSE,FALSE,2,FALSE,FALSE,38,18,71,105,TRUE,FALSE,FALSE,TRUE,FALSE,public,14,4,0,FALSE,Interfacer
1535,wallet/src/de/schildbach/wallet/data/DynamicFeeLiveData.java,DynamicFeeLiveData,187,6,4,0,0,FALSE,FALSE,4,FALSE,FALSE,10,5,32,31,TRUE,FALSE,FALSE,TRUE,FALSE,public,0,3,1,FALSE,Structurer
1536,wallet/src/de/schildbach/wallet/data/SelectedExchangeRateLiveData.java,SelectedExchangeRateLiveData,66,2,4,0,0,FALSE,FALSE,5,FALSE,FALSE,2,2,7,8,TRUE,FALSE,FALSE,TRUE,FALSE,public,1,1,2,FALSE,Information Holder
1537,wallet/src/de/schildbach/wallet/data/SingleLiveEvent.java,SingleLiveEvent,78,2,4,1,0,FALSE,FALSE,3,FALSE,FALSE,2,3,9,1,TRUE,FALSE,FALSE,TRUE,FALSE,public,4,0,0,FALSE,Service Provider
1538,wallet/src/de/schildbach/wallet/data/TimeLiveData.java,TimeLiveData,48,2,2,0,0,FALSE,FALSE,3,FALSE,FALSE,0,0,7,0,TRUE,FALSE,FALSE,TRUE,FALSE,public,0,0,2,FALSE,Information Holder
1539,wallet/src/de/schildbach/wallet/data/ThrottelingLiveData.java,ThrottelingLiveData,60,4,3,0,0,FALSE,FALSE,3,FALSE,FALSE,1,0,3,4,TRUE,FALSE,FALSE,TRUE,FALSE,public,0,0,3,TRUE,Information Holder
1540,wallet/src/de/schildbach/wallet/data/ExchangeRatesProvider.java,ExchangeRatesProvider,239,14,12,0,2,FALSE,FALSE,3,TRUE,FALSE,17,21,31,38,TRUE,FALSE,FALSE,TRUE,FALSE,public,8,4,0,FALSE,Service Provider
1541,wallet/src/de/schildbach/wallet/datawalletLiveData.java,WalletLiveData,31,0,1,0,0,FALSE,FALSE,3,FALSE,FALSE,0,1,2,0,TRUE,FALSE,FALSE,TRUE,FALSE,public,0,0,1,FALSE,Information Holder
1542,wallet/src/de/schildbach/wallet/datawalletBalanceLiveData.WalletListener.java,WalletListener,48,0,4,0,0,FALSE,FALSE,2,TRUE,FALSE,0,10,7,0,TRUE,FALSE,TRUE,TRUE,FALSE,private,4,0,0,FALSE,Service Provider
1543,wallet/src/de/schildbach/wallet/datawalletBalanceLiveData.java,WalletBalanceLiveData,83,3,6,0,0,FALSE,FALSE,4,FALSE,FALSE,1,6,10,2,TRUE,FALSE,FALSE,TRUE,FALSE,public,1,2,3,FALSE,Structurer
1544,wallet/src/de/schildbach/wallet/data/PaymentIntent.java,PaymentIntent,344,12,31,0,2,FALSE,FALSE,2,FALSE,FALSE,26,18,19,27,TRUE,FALSE,FALSE,TRUE,FALSE,public,29,2,0,FALSE,Structurer
1545,/integration-android/src/de/schildbach/wallet/integration/android/BitcoinIntegration.java,BitcoinIntegration,241,5,16,0,0,FALSE,FALSE,2,FALSE,FALSE,5,33,6,11,TRUE,FALSE,FALSE,TRUE,FALSE,public,11,5,0,FALSE,Controller
1546,/sample-integration-android/src/de/schildbach/wallet/integration/sample/SampleActivity.java,SampleActivity,124,7,5,0,0,FALSE,FALSE,2,FALSE,FALSE,4,4,19,18,TRUE,FALSE,FALSE,TRUE,FALSE,public,0,3,2,FALSE,Interfacer