file,class,type,cbo,cboModified,fanin,fanout,wmc,dit,noc,rfc,lcom,lcom*,tcc,lcc,totalMethodsQty,staticMethodsQty,publicMethodsQty,privateMethodsQty,protectedMethodsQty,defaultMethodsQty,visibleMethodsQty,abstractMethodsQty,finalMethodsQty,synchronizedMethodsQty,totalFieldsQty,staticFieldsQty,publicFieldsQty,privateFieldsQty,protectedFieldsQty,defaultFieldsQty,finalFieldsQty,synchronizedFieldsQty,nosi,loc,returnQty,loopQty,comparisonsQty,tryCatchQty,parenthesizedExpsQty,stringLiteralsQty,numbersQty,assignmentsQty,mathOperationsQty,variablesQty,maxNestedBlocksQty,anonymousClassesQty,innerClassesQty,lambdasQty,uniqueWordsQty,modifiers,logStatementsQty
/Users/danielogenrwot/Documents/Projects/roles-smells-metrics/src/bin/../../data/SourceProjects/Mobile/Omni-Notes-6.0.5/omniNotes/src/main/java/it/feio/android/omninotes/helpers/count/DefaultWordCounter.java,it.feio.android.omninotes.helpers.count.DefaultWordCounter,class,2,5,3,2,10,1,0,13,1,0.0,0.0,0.0,2,0,2,0,0,0,2,0,0,0,0,0,0,0,0,0,0,0,3,28,2,2,2,0,0,3,3,9,2,7,3,0,0,1,25,1,0
/Users/danielogenrwot/Documents/Projects/roles-smells-metrics/src/bin/../../data/SourceProjects/Mobile/Omni-Notes-6.0.5/omniNotes/src/main/java/it/feio/android/omninotes/utils/KeyboardUtils.java,it.feio.android.omninotes.utils.KeyboardUtils,class,4,7,3,4,9,1,0,11,6,0.0,0.0,0.0,4,4,4,0,0,0,4,0,0,0,0,0,0,0,0,0,0,0,1,34,5,0,3,0,1,0,3,3,0,3,1,0,0,0,18,1,0
/Users/danielogenrwot/Documents/Projects/roles-smells-metrics/src/bin/../../data/SourceProjects/Mobile/Omni-Notes-6.0.5/omniNotes/src/main/java/it/feio/android/omninotes/DetailFragment.java,it.feio.android.omninotes.DetailFragment$AttachmentOnClickListener,innerclass,7,7,0,7,12,1,0,24,0,0.0,NaN,NaN,1,0,1,0,0,0,1,0,0,0,0,0,0,0,0,0,0,0,1,50,0,0,1,0,0,2,1,1,1,1,2,0,0,0,42,2,0
/Users/danielogenrwot/Documents/Projects/roles-smells-metrics/src/bin/../../data/SourceProjects/Mobile/Omni-Notes-6.0.5/omniNotes/src/main/java/it/feio/android/omninotes/models/adapters/AttachmentAdapter.java,it.feio.android.omninotes.models.adapters.AttachmentAdapter,class,14,15,1,14,14,2,0,28,0,0.5,0.6666667,0.6666667,6,0,6,0,0,0,6,0,0,0,3,0,0,3,0,0,0,0,6,69,5,0,5,0,0,2,3,14,1,7,2,0,1,0,30,1,0
/Users/danielogenrwot/Documents/Projects/roles-smells-metrics/src/bin/../../data/SourceProjects/Mobile/Omni-Notes-6.0.5/omniNotes/src/main/java/it/feio/android/omninotes/models/misc/DynamicNavigationLookupTable.java,it.feio.android.omninotes.models.misc.DynamicNavigationLookupTable,class,6,8,2,6,15,1,0,16,20,0.775,0.1904762,0.47619048,8,1,7,1,0,0,7,0,0,0,5,1,0,1,0,4,0,0,2,55,5,1,3,0,1,1,3,7,0,7,3,0,0,1,33,1,0
/Users/danielogenrwot/Documents/Projects/roles-smells-metrics/src/bin/../../data/SourceProjects/Mobile/Omni-Notes-6.0.5/omniNotes/src/main/java/it/feio/android/omninotes/models/adapters/NavDrawerCategoryAdapter.java,it.feio.android.omninotes.models.adapters.NavDrawerCategoryAdapter,class,14,19,5,14,16,2,0,35,0,0.54285717,0.6666667,0.6666667,7,0,6,1,0,0,6,0,0,0,5,0,0,5,0,0,1,0,5,76,5,0,4,0,1,2,4,19,0,13,2,0,0,0,42,1,0
/Users/danielogenrwot/Documents/Projects/roles-smells-metrics/src/bin/../../data/SourceProjects/Mobile/Omni-Notes-6.0.5/omniNotes/src/main/java/it/feio/android/omninotes/models/adapters/NoteAdapter.java,it.feio.android.omninotes.models.adapters.NoteAdapter,class,21,24,3,21,52,2,0,68,129,0.8383839,0.20512821,0.20512821,22,0,13,9,0,0,13,0,0,0,9,0,0,9,0,0,2,0,12,182,5,2,12,1,1,8,13,29,0,24,4,0,0,0,122,1,0
/Users/danielogenrwot/Documents/Projects/roles-smells-metrics/src/bin/../../data/SourceProjects/Mobile/Omni-Notes-6.0.5/omniNotes/src/main/java/it/feio/android/omninotes/MainActivity.java,it.feio.android.omninotes.MainActivity,class,41,62,21,41,88,3,0,124,557,0.9506493,0.027692307,0.033846155,35,0,20,9,5,1,26,0,0,0,11,1,5,2,0,4,4,0,14,334,19,1,30,0,12,14,7,44,2,40,3,0,0,3,199,1,0
/Users/danielogenrwot/Documents/Projects/roles-smells-metrics/src/bin/../../data/SourceProjects/Mobile/Omni-Notes-6.0.5/omniNotes/src/main/java/it/feio/android/omninotes/models/adapters/ImageAndTextAdapter.java,it.feio.android.omninotes.models.adapters.ImageAndTextViewHolder,class,2,3,1,2,0,1,0,0,0,NaN,-1.0,-1.0,0,0,0,0,0,0,0,0,0,0,2,0,0,0,0,2,0,0,0,4,0,0,0,0,0,0,0,0,0,2,0,0,0,0,9,0,0
/Users/danielogenrwot/Documents/Projects/roles-smells-metrics/src/bin/../../data/SourceProjects/Mobile/Omni-Notes-6.0.5/omniNotes/src/main/java/it/feio/android/omninotes/models/NavigationItem.java,it.feio.android.omninotes.models.NavigationItem,class,0,3,3,0,9,1,0,0,12,0.6666667,0.33333334,1.0,9,0,9,0,0,0,9,0,0,0,4,0,0,4,0,0,0,0,0,36,4,0,0,0,0,0,0,8,0,4,0,0,0,0,12,1,0
/Users/danielogenrwot/Documents/Projects/roles-smells-metrics/src/bin/../../data/SourceProjects/Mobile/Omni-Notes-6.0.5/omniNotes/src/main/java/it/feio/android/omninotes/extensions/ONDashClockExtension.java,it.feio.android.omninotes.extensions.ONDashClockExtension$DashClockUpdateReceiver,innerclass,4,4,0,4,1,2,0,1,0,0.0,NaN,NaN,1,0,1,0,0,0,1,0,0,0,0,0,0,0,0,0,0,0,0,5,0,0,0,0,0,0,0,0,0,0,0,0,0,0,24,1,0
/Users/danielogenrwot/Documents/Projects/roles-smells-metrics/src/bin/../../data/SourceProjects/Mobile/Omni-Notes-6.0.5/omniNotes/src/test/java/it/feio/android/omninotes/utils/TagsHelperTest.java,it.feio.android.omninotes.utils.TagsHelperTest,class,6,6,0,6,5,1,0,15,0,0.33333334,1.0,1.0,5,0,5,0,0,0,5,0,0,0,6,5,0,6,0,0,0,0,7,45,0,0,0,0,0,15,6,14,1,13,0,0,0,0,32,1,0
/Users/danielogenrwot/Documents/Projects/roles-smells-metrics/src/bin/../../data/SourceProjects/Mobile/Omni-Notes-6.0.5/omniNotes/src/main/java/it/feio/android/omninotes/intro/IntroActivity.java,it.feio.android.omninotes.intro.IntroActivity,class,9,10,1,9,4,2,0,10,6,0.0,0.0,0.0,4,1,4,0,0,0,4,0,0,0,0,0,0,0,0,0,0,0,3,19,1,0,0,0,0,0,0,0,0,0,0,0,0,0,24,1,0
/Users/danielogenrwot/Documents/Projects/roles-smells-metrics/src/bin/../../data/SourceProjects/Mobile/Omni-Notes-6.0.5/omniNotes/src/main/java/it/feio/android/omninotes/async/DataBackupIntentService.java,it.feio.android.omninotes.async.DataBackupIntentService,class,17,20,3,17,23,2,0,42,21,0.7875,0.0,0.0,10,0,3,6,1,0,4,0,0,3,8,6,6,2,0,0,6,0,18,102,0,1,0,0,0,11,1,27,1,24,1,0,0,0,77,1,0
/Users/danielogenrwot/Documents/Projects/roles-smells-metrics/src/bin/../../data/SourceProjects/Mobile/Omni-Notes-6.0.5/omniNotes/src/main/java/it/feio/android/omninotes/widget/ListWidgetService.java,it.feio.android.omninotes.widget.ListWidgetService,class,4,5,1,4,1,2,0,1,0,0.0,NaN,NaN,1,0,1,0,0,0,1,0,0,0,0,0,0,0,0,0,0,0,0,5,1,0,0,0,0,0,0,0,0,0,0,0,0,0,11,1,0
/Users/danielogenrwot/Documents/Projects/roles-smells-metrics/src/bin/../../data/SourceProjects/Mobile/Omni-Notes-6.0.5/omniNotes/src/main/java/it/feio/android/omninotes/async/bus/SwitchFragmentEvent.java,it.feio.android.omninotes.async.bus.SwitchFragmentEvent$Direction,enum,0,0,0,0,0,1,0,0,0,0.0,-1.0,-1.0,0,0,0,0,0,0,0,0,0,0,0,0,0,0,0,0,0,0,0,1,0,0,0,0,0,0,0,0,0,0,0,0,0,0,8,1,0
/Users/danielogenrwot/Documents/Projects/roles-smells-metrics/src/bin/../../data/SourceProjects/Mobile/Omni-Notes-6.0.5/omniNotes/src/main/java/it/feio/android/omninotes/utils/SystemHelper.java,it.feio.android.omninotes.utils.SystemHelper,class,3,6,3,3,6,1,0,6,3,0.0,0.0,0.0,3,3,3,0,0,0,3,0,0,0,0,0,0,0,0,0,0,0,2,22,0,1,1,1,0,2,1,2,1,2,3,0,0,0,35,1,0
/Users/danielogenrwot/Documents/Projects/roles-smells-metrics/src/bin/../../data/SourceProjects/Mobile/Omni-Notes-6.0.5/omniNotes/src/main/java/it/feio/android/omninotes/models/adapters/PlacesAutoCompleteAdapter.java,it.feio.android.omninotes.models.adapters.PlacesAutoCompleteAdapter,class,5,6,1,5,4,2,0,2,4,0.75,0.16666667,0.16666667,4,0,4,0,0,0,4,0,0,0,2,1,0,2,0,0,1,0,0,35,3,0,0,0,0,0,1,1,0,2,0,1,0,0,26,1,0
/Users/danielogenrwot/Documents/Projects/roles-smells-metrics/src/bin/../../data/SourceProjects/Mobile/Omni-Notes-6.0.5/omniNotes/src/main/java/it/feio/android/omninotes/NavigationDrawerFragment.java,it.feio.android.omninotes.NavigationDrawerFragment$Anonymous1,anonymous,2,2,0,2,2,1,0,3,1,0.0,0.0,0.0,2,0,2,0,0,0,2,0,0,0,0,0,0,0,0,0,0,0,0,9,0,0,0,0,0,0,0,0,0,0,0,0,0,0,7,-1,0
/Users/danielogenrwot/Documents/Projects/roles-smells-metrics/src/bin/../../data/SourceProjects/Mobile/Omni-Notes-6.0.5/omniNotes/src/main/java/it/feio/android/omninotes/utils/MiscUtils.java,it.feio.android.omninotes.utils.MiscUtils,class,1,2,1,1,3,1,0,3,1,0.0,0.0,0.0,2,2,2,0,0,0,2,0,0,0,0,0,0,0,0,0,0,0,1,14,2,0,0,1,0,1,2,0,0,0,1,0,0,0,28,1,0
/Users/danielogenrwot/Documents/Projects/roles-smells-metrics/src/bin/../../data/SourceProjects/Mobile/Omni-Notes-6.0.5/omniNotes/src/main/java/it/feio/android/omninotes/models/adapters/NavDrawerAdapter.java,it.feio.android.omninotes.models.adapters.NoteDrawerAdapterViewHolder,class,2,3,1,2,0,1,0,0,0,NaN,-1.0,-1.0,0,0,0,0,0,0,0,0,0,0,2,0,0,0,0,2,0,0,0,4,0,0,0,0,0,0,0,0,0,2,0,0,0,0,13,0,0
/Users/danielogenrwot/Documents/Projects/roles-smells-metrics/src/bin/../../data/SourceProjects/Mobile/Omni-Notes-6.0.5/omniNotes/src/main/java/it/feio/android/omninotes/SketchFragment.java,it.feio.android.omninotes.SketchFragment$Anonymous1$Anonymous2,anonymous,4,4,0,4,1,1,0,1,0,0.0,NaN,NaN,1,0,1,0,0,0,1,0,0,0,0,0,0,0,0,0,0,0,0,5,0,0,0,0,0,0,0,0,0,0,0,0,0,0,6,-1,0
/Users/danielogenrwot/Documents/Projects/roles-smells-metrics/src/bin/../../data/SourceProjects/Mobile/Omni-Notes-6.0.5/omniNotes/src/main/java/it/feio/android/omninotes/widget/WidgetConfigurationActivity.java,it.feio.android.omninotes.widget.WidgetConfigurationActivity,class,10,10,0,10,7,2,0,24,0,0.0,NaN,NaN,1,0,0,0,1,0,1,0,0,0,4,0,0,4,0,0,0,0,1,60,0,0,4,0,0,12,1,15,3,16,2,0,0,2,71,1,0
/Users/danielogenrwot/Documents/Projects/roles-smells-metrics/src/bin/../../data/SourceProjects/Mobile/Omni-Notes-6.0.5/omniNotes/src/main/java/it/feio/android/omninotes/models/Note.java,it.feio.android.omninotes.models.Note$Anonymous1,anonymous,1,1,0,1,2,1,0,0,1,0.0,0.0,0.0,2,0,2,0,0,0,2,0,0,0,0,0,0,0,0,0,0,0,0,8,2,0,0,0,0,0,0,0,0,0,0,0,0,0,8,-1,0
/Users/danielogenrwot/Documents/Projects/roles-smells-metrics/src/bin/../../data/SourceProjects/Mobile/Omni-Notes-6.0.5/omniNotes/src/main/java/it/feio/android/omninotes/async/bus/PushbulletReplyEvent.java,it.feio.android.omninotes.async.bus.PushbulletReplyEvent,class,1,3,2,1,1,1,0,3,0,0.0,NaN,NaN,1,0,1,0,0,0,1,0,0,0,1,0,1,0,0,0,0,0,1,7,0,0,0,0,0,0,0,1,0,1,0,0,0,0,4,1,0
/Users/danielogenrwot/Documents/Projects/roles-smells-metrics/src/bin/../../data/SourceProjects/Mobile/Omni-Notes-6.0.5/omniNotes/src/main/java/it/feio/android/omninotes/models/UndoBarController.java,it.feio.android.omninotes.models.UndoBarController$Anonymous1,anonymous,3,3,0,3,1,1,0,2,0,0.0,NaN,NaN,1,0,1,0,0,0,1,0,0,0,0,0,0,0,0,0,0,0,0,6,0,0,0,0,0,0,0,0,0,0,0,0,0,0,10,-1,0
/Users/danielogenrwot/Documents/Projects/roles-smells-metrics/src/bin/../../data/SourceProjects/Mobile/Omni-Notes-6.0.5/omniNotes/src/main/java/it/feio/android/omninotes/models/views/Fab.java,it.feio.android.omninotes.models.views.Fab$Anonymous2,anonymous,2,2,0,2,1,1,0,2,0,0.0,NaN,NaN,1,0,1,0,0,0,1,0,0,0,0,0,0,0,0,0,0,0,0,5,0,0,0,0,0,0,0,0,0,0,0,0,0,0,4,-1,0
/Users/danielogenrwot/Documents/Projects/roles-smells-metrics/src/bin/../../data/SourceProjects/Mobile/Omni-Notes-6.0.5/omniNotes/src/main/java/it/feio/android/omninotes/models/UndoBarController.java,it.feio.android.omninotes.models.UndoBarController$Anonymous2,anonymous,1,1,0,1,1,1,0,1,0,0.0,NaN,NaN,1,0,1,0,0,0,1,0,0,0,0,0,0,0,0,0,0,0,0,7,0,0,0,0,0,0,0,2,0,0,0,0,0,0,10,-1,0
/Users/danielogenrwot/Documents/Projects/roles-smells-metrics/src/bin/../../data/SourceProjects/Mobile/Omni-Notes-6.0.5/omniNotes/src/main/java/it/feio/android/omninotes/models/views/Fab.java,it.feio.android.omninotes.models.views.Fab$Anonymous1,anonymous,1,1,0,1,4,1,0,3,1,0.0,0.0,0.0,2,0,2,0,0,0,2,0,0,0,0,0,0,0,0,0,0,0,0,14,0,0,2,0,0,0,0,0,0,0,1,0,0,0,9,-1,0
/Users/danielogenrwot/Documents/Projects/roles-smells-metrics/src/bin/../../data/SourceProjects/Mobile/Omni-Notes-6.0.5/omniNotes/src/main/java/it/feio/android/omninotes/helpers/count/IdeogramsWordCounter.java,it.feio.android.omninotes.helpers.count.IdeogramsWordCounter,class,3,7,4,3,2,1,0,11,1,0.0,0.0,0.0,2,0,2,0,0,0,2,0,0,0,0,0,0,0,0,0,0,0,0,9,2,0,0,0,0,3,0,1,1,2,0,0,0,1,16,1,0
/Users/danielogenrwot/Documents/Projects/roles-smells-metrics/src/bin/../../data/SourceProjects/Mobile/Omni-Notes-6.0.5/omniNotes/src/main/java/it/feio/android/omninotes/models/views/SketchView.java,it.feio.android.omninotes.models.views.SketchView,class,15,18,3,15,43,2,0,37,119,0.8819875,0.22380953,0.9047619,23,0,19,2,2,0,21,0,0,0,19,5,4,15,0,0,5,0,3,185,9,2,10,0,3,2,13,37,8,25,2,0,0,0,98,1,0
/Users/danielogenrwot/Documents/Projects/roles-smells-metrics/src/bin/../../data/SourceProjects/Mobile/Omni-Notes-6.0.5/omniNotes/src/main/java/it/feio/android/omninotes/async/notes/NoteProcessor.java,it.feio.android.omninotes.async.notes.NoteProcessor,class,4,12,8,4,4,2,4,3,0,0.25,0.5,0.5,4,0,1,0,3,0,4,1,0,0,1,0,0,0,0,1,0,0,0,26,0,0,0,0,0,0,0,2,0,2,0,0,1,0,12,1025,0
/Users/danielogenrwot/Documents/Projects/roles-smells-metrics/src/bin/../../data/SourceProjects/Mobile/Omni-Notes-6.0.5/omniNotes/src/main/java/it/feio/android/omninotes/models/views/Fab.java,it.feio.android.omninotes.models.views.Fab$Anonymous3,anonymous,1,1,0,1,3,1,0,1,3,0.0,0.0,0.0,3,0,3,0,0,0,3,0,0,0,0,0,0,0,0,0,0,0,0,10,0,0,0,0,0,0,0,0,0,0,0,0,0,0,10,-1,0
/Users/danielogenrwot/Documents/Projects/roles-smells-metrics/src/bin/../../data/SourceProjects/Mobile/Omni-Notes-6.0.5/omniNotes/src/main/java/it/feio/android/omninotes/models/holders/ImageAndTextItem.java,it.feio.android.omninotes.models.holders.ImageAndTextItem,class,0,1,1,0,5,1,0,0,0,0.4,0.6,1.0,5,0,5,0,0,0,5,0,0,0,2,0,0,2,0,0,0,0,0,21,2,0,0,0,0,0,0,4,0,2,0,0,0,0,8,1,0
/Users/danielogenrwot/Documents/Projects/roles-smells-metrics/src/bin/../../data/SourceProjects/Mobile/Omni-Notes-6.0.5/omniNotes/src/main/java/it/feio/android/omninotes/helpers/BackupHelper.java,it.feio.android.omninotes.helpers.BackupHelper,class,17,21,4,17,45,1,0,73,190,1.0,0.0,0.0,20,20,19,1,0,0,19,0,0,0,1,1,0,1,0,0,0,0,48,197,16,8,4,6,3,18,4,42,9,39,5,0,0,2,114,1,0
/Users/danielogenrwot/Documents/Projects/roles-smells-metrics/src/bin/../../data/SourceProjects/Mobile/Omni-Notes-6.0.5/omniNotes/src/main/java/it/feio/android/omninotes/async/bus/NotificationRemovedEvent.java,it.feio.android.omninotes.async.bus.NotificationRemovedEvent,class,2,3,1,2,1,1,0,3,0,0.0,NaN,NaN,1,0,1,0,0,0,1,0,0,0,1,0,1,0,0,0,0,0,1,7,0,0,0,0,0,0,0,1,0,1,0,0,0,0,6,1,0
/Users/danielogenrwot/Documents/Projects/roles-smells-metrics/src/bin/../../data/SourceProjects/Mobile/Omni-Notes-6.0.5/omniNotes/src/main/java/it/feio/android/omninotes/utils/ResourcesUtils.java,it.feio.android.omninotes.utils.ResourcesUtils,class,2,3,1,2,1,1,0,4,0,0.0,NaN,NaN,1,1,1,0,0,0,1,0,0,0,0,0,0,0,0,0,0,0,0,6,1,0,0,0,0,0,0,0,0,0,0,0,1,0,12,1,0
/Users/danielogenrwot/Documents/Projects/roles-smells-metrics/src/bin/../../data/SourceProjects/Mobile/Omni-Notes-6.0.5/omniNotes/src/androidTest/java/it/feio/android/omninotes/helpers/count/CountFactoryTest.java,it.feio.android.omninotes.helpers.count.CountFactoryTest,class,8,8,0,8,4,2,0,7,6,0.0,0.0,0.0,4,0,4,0,0,0,4,0,0,0,0,0,0,0,0,0,0,0,8,18,0,0,0,0,0,0,0,0,0,0,0,0,0,0,17,1,0
/Users/danielogenrwot/Documents/Projects/roles-smells-metrics/src/bin/../../data/SourceProjects/Mobile/Omni-Notes-6.0.5/omniNotes/src/main/java/it/feio/android/omninotes/async/bus/NotesUpdatedEvent.java,it.feio.android.omninotes.async.bus.NotesUpdatedEvent,class,2,8,6,2,1,1,0,3,0,0.0,NaN,NaN,1,0,1,0,0,0,1,0,0,0,1,0,1,0,0,0,0,0,1,7,0,0,0,0,0,0,0,1,0,1,0,0,0,0,4,1,0
/Users/danielogenrwot/Documents/Projects/roles-smells-metrics/src/bin/../../data/SourceProjects/Mobile/Omni-Notes-6.0.5/omniNotes/src/main/java/it/feio/android/omninotes/utils/ParcelableUtil.java,it.feio.android.omninotes.utils.ParcelableUtil,class,5,9,4,5,3,1,0,8,3,0.0,0.0,0.0,3,3,3,0,0,0,3,0,0,0,0,0,0,0,0,0,0,0,1,21,3,0,0,0,0,0,3,5,0,5,0,0,0,0,11,1,0
/Users/danielogenrwot/Documents/Projects/roles-smells-metrics/src/bin/../../data/SourceProjects/Mobile/Omni-Notes-6.0.5/omniNotes/src/main/java/it/feio/android/omninotes/helpers/date/DateHelper.java,it.feio.android.omninotes.helpers.date.DateHelper,class,9,16,7,9,20,1,0,26,78,0.0,0.0,0.0,13,13,13,0,0,0,13,0,0,0,0,0,0,0,0,0,0,0,21,93,17,0,3,1,2,11,8,19,10,18,2,0,0,0,75,1,0
/Users/danielogenrwot/Documents/Projects/roles-smells-metrics/src/bin/../../data/SourceProjects/Mobile/Omni-Notes-6.0.5/omniNotes/src/main/java/it/feio/android/omninotes/exceptions/GenericException.java,it.feio.android.omninotes.exceptions.GenericException,class,0,1,1,0,1,4,0,0,0,0.0,NaN,NaN,1,0,1,0,0,0,1,0,0,0,0,0,0,0,0,0,0,0,0,5,0,0,0,0,0,0,0,0,0,0,0,0,0,0,4,1,0
/Users/danielogenrwot/Documents/Projects/roles-smells-metrics/src/bin/../../data/SourceProjects/Mobile/Omni-Notes-6.0.5/omniNotes/src/test/java/it/feio/android/omninotes/helpers/count/DefaultWordCounterTest.java,it.feio.android.omninotes.helpers.count.DefaultWordCounterTest,class,4,4,0,4,4,2,0,6,4,0.5,0.16666667,0.16666667,4,0,4,0,0,0,4,0,0,0,2,0,0,2,0,0,2,0,0,26,0,0,0,0,0,11,9,8,2,8,0,0,0,0,29,1,0
/Users/danielogenrwot/Documents/Projects/roles-smells-metrics/src/bin/../../data/SourceProjects/Mobile/Omni-Notes-6.0.5/omniNotes/src/main/java/it/feio/android/omninotes/helpers/PermissionsHelper.java,it.feio.android.omninotes.helpers.PermissionsHelper,class,5,7,2,5,7,1,0,13,1,0.0,NaN,NaN,2,2,1,1,0,0,1,0,0,0,0,0,0,0,0,0,0,0,1,34,0,0,3,0,0,1,0,1,1,3,3,0,0,2,17,1,0
/Users/danielogenrwot/Documents/Projects/roles-smells-metrics/src/bin/../../data/SourceProjects/Mobile/Omni-Notes-6.0.5/omniNotes/src/main/java/it/feio/android/omninotes/models/adapters/NavDrawerCategoryAdapter.java,it.feio.android.omninotes.models.adapters.NoteDrawerCategoryAdapterViewHolder,class,3,4,1,3,0,1,0,0,0,NaN,-1.0,-1.0,0,0,0,0,0,0,0,0,0,0,3,0,0,0,0,3,0,0,0,5,0,0,0,0,0,0,0,0,0,3,0,0,0,0,15,0,0
/Users/danielogenrwot/Documents/Projects/roles-smells-metrics/src/bin/../../data/SourceProjects/Mobile/Omni-Notes-6.0.5/omniNotes/src/main/java/it/feio/android/omninotes/models/Note.java,it.feio.android.omninotes.models.Note,class,7,57,50,7,26,2,0,56,134,0.9411765,0.008333334,0.008333334,17,0,16,1,0,0,16,0,0,0,2,1,1,1,0,0,1,0,4,111,6,1,1,1,2,0,12,6,0,5,1,1,0,0,63,1,0
/Users/danielogenrwot/Documents/Projects/roles-smells-metrics/src/bin/../../data/SourceProjects/Mobile/Omni-Notes-6.0.5/omniNotes/src/androidTest/java/it/feio/android/omninotes/BaseAndroidTestCase.java,it.feio.android.omninotes.BaseAndroidTestCase,class,8,18,10,8,3,1,9,13,0,0.72222215,1.0,1.0,3,3,2,1,0,0,2,0,0,0,6,5,1,2,3,0,2,0,3,24,0,0,0,0,0,3,0,7,0,6,0,0,0,0,46,1,0
/Users/danielogenrwot/Documents/Projects/roles-smells-metrics/src/bin/../../data/SourceProjects/Mobile/Omni-Notes-6.0.5/omniNotes/src/main/java/it/feio/android/omninotes/models/views/ExpandableHeightGridView.java,it.feio.android.omninotes.models.views.ExpandableHeightGridView,class,4,7,3,4,7,2,0,7,15,0.8333333,0.0,0.0,6,0,6,0,0,0,6,0,0,0,1,0,0,1,0,0,0,0,0,26,1,0,1,0,0,0,3,5,0,5,0,0,0,0,30,1,0
/Users/danielogenrwot/Documents/Projects/roles-smells-metrics/src/bin/../../data/SourceProjects/Mobile/Omni-Notes-6.0.5/omniNotes/src/main/java/it/feio/android/omninotes/models/Attachment.java,it.feio.android.omninotes.models.Attachment$Anonymous1,anonymous,1,1,0,1,2,1,0,0,1,0.0,0.0,0.0,2,0,2,0,0,0,2,0,0,0,0,0,0,0,0,0,0,0,0,8,2,0,0,0,0,0,0,0,0,0,0,0,0,0,8,-1,0
/Users/danielogenrwot/Documents/Projects/roles-smells-metrics/src/bin/../../data/SourceProjects/Mobile/Omni-Notes-6.0.5/omniNotes/src/main/java/it/feio/android/omninotes/models/listeners/OnGeoUtilResultListener.java,it.feio.android.omninotes.models.listeners.OnGeoUtilResultListener,interface,1,5,4,1,4,1,0,0,6,0.0,0.0,0.0,4,0,0,0,0,4,4,0,0,0,0,0,0,0,0,0,0,0,0,6,0,0,0,0,0,0,0,0,0,0,0,0,0,0,14,1,0
/Users/danielogenrwot/Documents/Projects/roles-smells-metrics/src/bin/../../data/SourceProjects/Mobile/Omni-Notes-6.0.5/omniNotes/src/main/java/it/feio/android/omninotes/utils/ReminderHelper.java,it.feio.android.omninotes.utils.ReminderHelper,class,11,22,11,11,14,1,0,25,15,0.0,0.0,0.0,6,6,5,0,0,1,6,0,0,0,0,0,0,0,0,0,0,0,11,45,2,0,4,0,0,1,2,8,2,8,2,0,0,1,33,1,0
/Users/danielogenrwot/Documents/Projects/roles-smells-metrics/src/bin/../../data/SourceProjects/Mobile/Omni-Notes-6.0.5/omniNotes/src/androidTest/java/it/feio/android/omninotes/utils/SecurityTest.java,it.feio.android.omninotes.utils.SecurityTest,class,4,4,0,4,4,1,0,6,0,0.33333334,1.0,1.0,3,0,3,0,0,0,3,0,0,0,3,0,0,3,0,0,3,0,5,18,0,0,1,0,0,5,1,6,2,6,0,0,0,0,82,1,0
/Users/danielogenrwot/Documents/Projects/roles-smells-metrics/src/bin/../../data/SourceProjects/Mobile/Omni-Notes-6.0.5/omniNotes/src/main/java/it/feio/android/omninotes/models/listeners/OnCABItemClickedListener.java,it.feio.android.omninotes.models.listeners.OnCABItemClickedListener,interface,1,1,0,1,1,1,0,0,0,0.0,NaN,NaN,1,0,0,0,0,1,1,0,0,0,0,0,0,0,0,0,0,0,0,3,0,0,0,0,0,0,0,0,0,0,0,0,0,0,10,1,0
/Users/danielogenrwot/Documents/Projects/roles-smells-metrics/src/bin/../../data/SourceProjects/Mobile/Omni-Notes-6.0.5/omniNotes/src/main/java/it/feio/android/omninotes/models/views/NonScrollableListView.java,it.feio.android.omninotes.models.views.NonScrollableListView,class,6,8,2,6,6,2,0,9,6,0.0,0.0,0.0,4,0,4,0,0,0,4,0,0,0,0,0,0,0,0,0,0,0,0,28,1,1,1,0,2,0,5,8,3,6,1,0,0,0,33,1,0
/Users/danielogenrwot/Documents/Projects/roles-smells-metrics/src/bin/../../data/SourceProjects/Mobile/Omni-Notes-6.0.5/omniNotes/src/main/java/it/feio/android/omninotes/models/listeners/OnViewTouchedListener.java,it.feio.android.omninotes.models.listeners.OnViewTouchedListener,interface,1,5,4,1,1,1,0,0,0,0.0,NaN,NaN,1,0,0,0,0,1,1,0,0,0,0,0,0,0,0,0,0,0,0,3,0,0,0,0,0,0,0,0,0,0,0,0,0,0,10,1,0
/Users/danielogenrwot/Documents/Projects/roles-smells-metrics/src/bin/../../data/SourceProjects/Mobile/Omni-Notes-6.0.5/omniNotes/src/main/java/it/feio/android/omninotes/utils/ShortcutHelper.java,it.feio.android.omninotes.utils.ShortcutHelper,class,9,11,2,9,6,1,0,24,1,0.0,0.0,0.0,2,2,2,0,0,0,2,0,0,0,0,0,0,0,0,0,0,0,4,38,0,0,0,0,0,3,5,11,0,11,2,0,0,0,27,1,0
/Users/danielogenrwot/Documents/Projects/roles-smells-metrics/src/bin/../../data/SourceProjects/Mobile/Omni-Notes-6.0.5/omniNotes/src/main/java/it/feio/android/omninotes/BaseFragment.java,it.feio.android.omninotes.BaseFragment,class,2,4,2,2,4,2,2,11,3,0.6666667,0.0,0.0,3,0,2,0,1,0,3,0,0,0,2,1,0,2,0,0,1,0,0,19,2,0,0,0,1,0,1,2,1,2,1,0,0,0,35,1,0
/Users/danielogenrwot/Documents/Projects/roles-smells-metrics/src/bin/../../data/SourceProjects/Mobile/Omni-Notes-6.0.5/omniNotes/src/main/java/it/feio/android/omninotes/extensions/ONDashClockExtension.java,it.feio.android.omninotes.extensions.ONDashClockExtension,class,16,18,2,16,15,3,0,37,6,0.75,0.0,0.0,4,0,0,2,2,0,2,0,0,0,1,0,0,1,0,0,0,0,11,71,2,3,2,0,4,13,8,12,3,12,3,0,2,0,48,1,0
/Users/danielogenrwot/Documents/Projects/roles-smells-metrics/src/bin/../../data/SourceProjects/Mobile/Omni-Notes-6.0.5/omniNotes/src/main/java/it/feio/android/omninotes/ListFragment.java,it.feio.android.omninotes.ListFragment$Anonymous2$Anonymous3,anonymous,1,1,0,1,6,1,0,4,1,0.0,0.0,0.0,2,0,2,0,0,0,2,0,0,0,0,0,0,0,0,0,0,0,1,17,3,0,1,0,0,3,0,3,0,0,1,0,0,0,14,-1,0
/Users/danielogenrwot/Documents/Projects/roles-smells-metrics/src/bin/../../data/SourceProjects/Mobile/Omni-Notes-6.0.5/omniNotes/src/main/java/it/feio/android/omninotes/models/Category.java,it.feio.android.omninotes.models.Category$Anonymous1,anonymous,1,1,0,1,2,1,0,0,1,0.0,0.0,0.0,2,0,2,0,0,0,2,0,0,0,0,0,0,0,0,0,0,0,0,8,2,0,0,0,0,0,0,0,0,0,0,0,0,0,8,-1,0
/Users/danielogenrwot/Documents/Projects/roles-smells-metrics/src/bin/../../data/SourceProjects/Mobile/Omni-Notes-6.0.5/omniNotes/src/main/java/it/feio/android/omninotes/async/bus/DynamicNavigationReadyEvent.java,it.feio.android.omninotes.async.bus.DynamicNavigationReadyEvent,class,0,2,2,0,0,1,0,0,0,0.0,-1.0,-1.0,0,0,0,0,0,0,0,0,0,0,0,0,0,0,0,0,0,0,0,2,0,0,0,0,0,0,0,0,0,0,0,0,0,0,8,1,0
/Users/danielogenrwot/Documents/Projects/roles-smells-metrics/src/bin/../../data/SourceProjects/Mobile/Omni-Notes-6.0.5/omniNotes/src/beta/java/it.feio.android.omninotes.helpers/GeocodeProviderFactory.java,it.feio.android.omninotes.helpers.GeocodeProviderFactory,class,1,1,0,1,0,2,0,0,0,0.0,-1.0,-1.0,0,0,0,0,0,0,0,0,0,0,0,0,0,0,0,0,0,0,0,2,0,0,0,0,0,0,0,0,0,0,0,0,0,0,4,1,0
/Users/danielogenrwot/Documents/Projects/roles-smells-metrics/src/bin/../../data/SourceProjects/Mobile/Omni-Notes-6.0.5/omniNotes/src/androidTest/java/it/feio/android/omninotes/helpers/AppVersionHelperTest.java,it.feio.android.omninotes.helpers.AppVersionHelperTest,class,5,5,0,5,9,2,0,14,21,0.85714287,0.0,0.0,7,0,7,0,0,0,7,0,0,0,1,1,0,1,0,0,1,0,10,35,0,0,0,0,0,3,4,6,2,6,0,0,0,0,44,1,0
/Users/danielogenrwot/Documents/Projects/roles-smells-metrics/src/bin/../../data/SourceProjects/Mobile/Omni-Notes-6.0.5/omniNotes/src/test/java/it/feio/android/omninotes/helpers/count/IdeogramsWordCounterTest.java,it.feio.android.omninotes.helpers.count.IdeogramsWordCounterTest,class,4,4,0,4,4,2,0,6,4,0.5,0.16666667,0.16666667,4,0,4,0,0,0,4,0,0,0,2,0,0,2,0,0,2,0,0,26,0,0,0,0,0,11,9,8,2,8,0,0,0,0,28,1,0
/Users/danielogenrwot/Documents/Projects/roles-smells-metrics/src/bin/../../data/SourceProjects/Mobile/Omni-Notes-6.0.5/omniNotes/src/main/java/it/feio/android/omninotes/models/PasswordValidator.java,it.feio.android.omninotes.models.PasswordValidator$Result,enum,0,0,0,0,0,1,0,0,0,0.0,-1.0,-1.0,0,0,0,0,0,0,0,0,0,0,0,0,0,0,0,0,0,0,0,1,0,0,0,0,0,0,0,0,0,0,0,0,0,0,7,0,0
/Users/danielogenrwot/Documents/Projects/roles-smells-metrics/src/bin/../../data/SourceProjects/Mobile/Omni-Notes-6.0.5/omniNotes/src/main/java/it/feio/android/omninotes/DetailFragment.java,it.feio.android.omninotes.DetailFragment$Anonymous1,anonymous,8,8,0,8,7,1,0,22,0,0.0,NaN,NaN,1,0,1,0,0,0,1,0,0,0,0,0,0,0,0,0,0,0,1,36,0,0,1,1,0,1,0,8,0,10,2,0,0,3,28,-1,0
/Users/danielogenrwot/Documents/Projects/roles-smells-metrics/src/bin/../../data/SourceProjects/Mobile/Omni-Notes-6.0.5/omniNotes/src/androidTest/java/it/feio/android/omninotes/FabCameraNoteTest.java,it.feio.android.omninotes.FabCameraNoteTest,class,10,10,0,10,2,3,0,26,1,0.0,0.0,0.0,2,0,2,0,0,0,2,0,0,0,0,0,0,0,0,0,0,0,4,18,0,0,0,0,0,3,8,3,0,3,0,0,0,0,33,1,0
/Users/danielogenrwot/Documents/Projects/roles-smells-metrics/src/bin/../../data/SourceProjects/Mobile/Omni-Notes-6.0.5/omniNotes/src/main/java/it/feio/android/omninotes/SketchFragment.java,it.feio.android.omninotes.SketchFragment$Anonymous3,anonymous,2,2,0,2,3,1,0,1,3,0.0,0.0,0.0,3,0,3,0,0,0,3,0,0,0,0,0,0,0,0,0,0,0,0,9,0,0,0,0,0,0,0,0,0,0,0,0,0,0,14,-1,0
/Users/danielogenrwot/Documents/Projects/roles-smells-metrics/src/bin/../../data/SourceProjects/Mobile/Omni-Notes-6.0.5/omniNotes/src/main/java/it/feio/android/omninotes/DetailFragment.java,it.feio.android.omninotes.DetailFragment$Anonymous2,anonymous,2,2,0,2,1,1,0,5,0,0.0,NaN,NaN,1,0,1,0,0,0,1,0,0,0,0,0,0,0,0,0,0,0,0,8,0,0,0,0,0,1,0,0,0,0,0,0,0,0,7,-1,0
/Users/danielogenrwot/Documents/Projects/roles-smells-metrics/src/bin/../../data/SourceProjects/Mobile/Omni-Notes-6.0.5/omniNotes/src/main/java/it/feio/android/omninotes/DetailFragment.java,it.feio.android.omninotes.DetailFragment$Anonymous3,anonymous,2,2,0,2,1,1,0,3,0,0.0,NaN,NaN,1,0,1,0,0,0,1,0,0,0,0,0,0,0,0,0,0,0,0,7,0,0,0,0,0,2,0,0,0,0,0,0,0,0,7,-1,0
/Users/danielogenrwot/Documents/Projects/roles-smells-metrics/src/bin/../../data/SourceProjects/Mobile/Omni-Notes-6.0.5/omniNotes/src/main/java/it/feio/android/omninotes/SketchFragment.java,it.feio.android.omninotes.SketchFragment$Anonymous1,anonymous,3,3,0,3,2,1,0,7,1,0.0,NaN,NaN,2,0,1,1,0,0,1,0,0,0,0,0,0,0,0,0,0,0,0,13,0,0,0,0,0,0,0,0,0,0,0,1,0,0,9,-1,0
/Users/danielogenrwot/Documents/Projects/roles-smells-metrics/src/bin/../../data/SourceProjects/Mobile/Omni-Notes-6.0.5/omniNotes/src/main/java/it/feio/android/omninotes/DetailFragment.java,it.feio.android.omninotes.DetailFragment$Anonymous4,anonymous,4,4,0,4,1,1,0,5,0,0.0,NaN,NaN,1,0,1,0,0,0,1,0,0,0,0,0,0,0,0,0,0,0,0,6,0,0,0,0,0,0,0,0,0,0,0,0,0,0,8,-1,0
/Users/danielogenrwot/Documents/Projects/roles-smells-metrics/src/bin/../../data/SourceProjects/Mobile/Omni-Notes-6.0.5/omniNotes/src/main/java/it/feio/android/omninotes/models/Stats.java,it.feio.android.omninotes.models.Stats,class,1,4,3,1,35,2,0,0,555,0.9367346,0.033613447,0.053781513,35,0,35,0,0,0,35,0,0,0,14,0,0,14,0,0,0,0,0,121,18,0,0,0,0,0,0,17,1,14,0,0,0,0,32,1,0
/Users/danielogenrwot/Documents/Projects/roles-smells-metrics/src/bin/../../data/SourceProjects/Mobile/Omni-Notes-6.0.5/omniNotes/src/main/java/it/feio/android/omninotes/helpers/count/CountFactory.java,it.feio.android.omninotes.helpers.count.CountFactory,class,6,9,3,6,6,1,0,3,3,0.0,0.0,0.0,3,2,1,1,0,1,2,0,0,0,0,0,0,0,0,0,0,0,3,20,5,0,0,0,0,3,0,1,0,1,1,0,0,0,11,1,0
/Users/danielogenrwot/Documents/Projects/roles-smells-metrics/src/bin/../../data/SourceProjects/Mobile/Omni-Notes-6.0.5/omniNotes/src/main/java/it.feio.android.omninotes.helpers/GeocodeProviderBaseFactory.java,it.feio.android.omninotes.helpers.GeocodeProviderBaseFactory,class,3,5,2,3,1,1,1,0,0,0.0,NaN,NaN,1,1,1,0,0,0,1,0,0,0,0,0,0,0,0,0,0,0,0,5,1,0,0,0,0,0,0,0,0,0,0,0,0,0,13,1,0
/Users/danielogenrwot/Documents/Projects/roles-smells-metrics/src/bin/../../data/SourceProjects/Mobile/Omni-Notes-6.0.5/omniNotes/src/main/java/it/feio/android/omninotes/models/UndoBarController.java,it.feio.android.omninotes.models.UndoBarController$UndoListener,interface,1,1,0,1,1,1,0,0,0,0.0,NaN,NaN,1,0,0,0,0,1,1,0,0,0,0,0,0,0,0,0,0,0,0,3,0,0,0,0,0,0,0,0,0,0,0,0,0,0,5,1,0
/Users/danielogenrwot/Documents/Projects/roles-smells-metrics/src/bin/../../data/SourceProjects/Mobile/Omni-Notes-6.0.5/omniNotes/src/androidTest/java/it/feio/android/omninotes/utils/BitmapHelperTest.java,it.feio.android.omninotes.utils.BitmapHelperTest,class,10,10,0,10,3,2,0,12,0,0.33333334,1.0,1.0,3,0,3,0,0,0,3,0,0,0,2,0,1,1,0,0,0,0,1,24,0,0,0,0,0,5,7,7,0,7,1,0,0,1,41,1,0
/Users/danielogenrwot/Documents/Projects/roles-smells-metrics/src/bin/../../data/SourceProjects/Mobile/Omni-Notes-6.0.5/omniNotes/src/main/java/it/feio/android/omninotes/models/adapters/NavDrawerAdapter.java,it.feio.android.omninotes.models.adapters.NavDrawerAdapter,class,11,13,2,11,11,2,0,30,0,0.44444445,0.6,0.6,6,0,5,1,0,0,5,0,0,0,3,0,0,3,0,0,0,0,2,58,6,0,3,0,1,0,2,15,0,10,1,0,0,0,35,1,0
/Users/danielogenrwot/Documents/Projects/roles-smells-metrics/src/bin/../../data/SourceProjects/Mobile/Omni-Notes-6.0.5/omniNotes/src/main/java/it/feio/android/omninotes/utils/BitmapHelper.java,it.feio.android.omninotes.utils.BitmapHelper,class,10,16,6,10,15,1,0,30,6,0.0,0.0,0.0,4,3,2,2,0,0,2,0,0,0,0,0,0,0,0,0,0,0,4,60,5,0,1,1,0,12,2,13,3,6,2,0,0,0,36,1,0
/Users/danielogenrwot/Documents/Projects/roles-smells-metrics/src/bin/../../data/SourceProjects/Mobile/Omni-Notes-6.0.5/omniNotes/src/main/java/it/feio/android/omninotes/GalleryActivity.java,it.feio.android.omninotes.GalleryActivity,class,19,21,2,19,14,2,0,47,16,0.83928573,0.0,0.0,8,0,3,4,1,0,4,0,0,0,7,3,0,4,0,3,3,0,5,124,2,1,1,0,2,4,4,14,3,16,1,2,0,0,130,1,0
/Users/danielogenrwot/Documents/Projects/roles-smells-metrics/src/bin/../../data/SourceProjects/Mobile/Omni-Notes-6.0.5/omniNotes/src/main/java/it/feio/android/omninotes/extensions/PushBulletExtension.java,it.feio.android.omninotes.extensions.PushBulletExtension,class,3,3,0,3,2,2,0,3,1,1.0,0.0,0.0,2,0,0,0,2,0,2,0,0,0,1,1,0,1,0,0,1,0,2,10,0,0,0,0,0,6,0,1,2,1,0,0,0,0,18,1,0
/Users/danielogenrwot/Documents/Projects/roles-smells-metrics/src/bin/../../data/SourceProjects/Mobile/Omni-Notes-6.0.5/omniNotes/src/main/java/it/feio/android/omninotes/ListFragment.java,it.feio.android.omninotes.ListFragment$Anonymous5,anonymous,5,5,0,5,1,1,0,2,0,0.0,NaN,NaN,1,0,1,0,0,0,1,0,0,0,0,0,0,0,0,0,0,0,0,8,0,0,0,0,0,1,0,2,0,1,0,0,0,0,15,-1,0
/Users/danielogenrwot/Documents/Projects/roles-smells-metrics/src/bin/../../data/SourceProjects/Mobile/Omni-Notes-6.0.5/omniNotes/src/main/java/it/feio/android/omninotes/ListFragment.java,it.feio.android.omninotes.ListFragment$Anonymous4,anonymous,5,5,0,5,4,1,0,8,0,0.0,NaN,NaN,1,0,1,0,0,0,1,0,0,0,0,0,0,0,0,0,0,0,0,20,0,1,0,0,0,0,1,3,0,3,3,0,0,1,14,-1,0
/Users/danielogenrwot/Documents/Projects/roles-smells-metrics/src/bin/../../data/SourceProjects/Mobile/Omni-Notes-6.0.5/omniNotes/src/main/java/it/feio/android/omninotes/utils/LoadingDialog.java,it.feio.android.omninotes.utils.LoadingDialog,class,2,2,0,2,2,2,0,2,1,0.5,0.0,0.0,2,0,2,0,0,0,2,0,0,0,1,0,0,0,0,1,0,0,0,11,0,0,0,0,0,0,0,1,0,1,0,0,0,0,8,1,0
/Users/danielogenrwot/Documents/Projects/roles-smells-metrics/src/bin/../../data/SourceProjects/Mobile/Omni-Notes-6.0.5/omniNotes/src/main/java/it/feio/android/omninotes/ListFragment.java,it.feio.android.omninotes.ListFragment$Anonymous2,anonymous,3,3,0,3,3,1,0,7,1,1.0,0.0,0.0,2,0,2,0,0,0,2,0,0,0,1,0,0,0,0,1,0,0,0,34,2,0,1,0,0,0,0,2,0,1,1,1,0,0,22,-1,0
/Users/danielogenrwot/Documents/Projects/roles-smells-metrics/src/bin/../../data/SourceProjects/Mobile/Omni-Notes-6.0.5/omniNotes/src/main/java/it/feio/android/omninotes/async/bus/SwitchFragmentEvent.java,it.feio.android.omninotes.async.bus.SwitchFragmentEvent,class,2,5,3,2,1,1,0,3,0,0.0,NaN,NaN,1,0,1,0,0,0,1,0,0,0,1,0,1,0,0,0,0,0,1,8,0,0,0,0,0,0,0,1,0,1,0,0,1,0,12,1,0
/Users/danielogenrwot/Documents/Projects/roles-smells-metrics/src/bin/../../data/SourceProjects/Mobile/Omni-Notes-6.0.5/omniNotes/src/main/java/it/feio/android/omninotes/ListFragment.java,it.feio.android.omninotes.ListFragment$Anonymous8,anonymous,4,4,0,4,1,1,0,2,0,0.0,NaN,NaN,1,0,1,0,0,0,1,0,0,0,0,0,0,0,0,0,0,0,0,5,0,0,0,0,0,0,0,0,0,0,0,0,0,0,10,-1,0
/Users/danielogenrwot/Documents/Projects/roles-smells-metrics/src/bin/../../data/SourceProjects/Mobile/Omni-Notes-6.0.5/omniNotes/src/main/java/it/feio/android/omninotes/ListFragment.java,it.feio.android.omninotes.ListFragment$Anonymous7,anonymous,4,4,0,4,1,1,0,2,0,0.0,NaN,NaN,1,0,1,0,0,0,1,0,0,0,0,0,0,0,0,0,0,0,0,5,0,0,0,0,0,0,0,0,0,0,0,0,0,0,10,-1,0
/Users/danielogenrwot/Documents/Projects/roles-smells-metrics/src/bin/../../data/SourceProjects/Mobile/Omni-Notes-6.0.5/omniNotes/src/main/java/it/feio/android/omninotes/ListFragment.java,it.feio.android.omninotes.ListFragment$Anonymous6,anonymous,4,4,0,4,1,1,0,1,0,0.0,NaN,NaN,1,0,1,0,0,0,1,0,0,0,0,0,0,0,0,0,0,0,0,5,0,0,0,0,0,0,0,0,0,0,0,0,0,0,10,-1,0
/Users/danielogenrwot/Documents/Projects/roles-smells-metrics/src/bin/../../data/SourceProjects/Mobile/Omni-Notes-6.0.5/omniNotes/src/androidTest/java/it/feio/android/omninotes/utils/ReminderHelperTest.java,it.feio.android.omninotes.utils.ReminderHelperTest,class,6,7,1,6,5,1,0,16,10,0.0,0.0,0.0,5,0,4,1,0,0,4,0,0,0,0,0,0,0,0,0,0,0,15,40,1,0,0,0,0,0,1,13,1,13,0,0,0,0,27,1,0
/Users/danielogenrwot/Documents/Projects/roles-smells-metrics/src/bin/../../data/SourceProjects/Mobile/Omni-Notes-6.0.5/omniNotes/src/main/java/it/feio/android/omninotes/factory/MediaStoreFactory.java,it.feio.android.omninotes.factory.MediaStoreFactory,class,1,2,1,1,4,1,0,0,0,0.0,NaN,NaN,1,0,1,0,0,0,1,0,0,0,0,0,0,0,0,0,0,0,0,13,4,0,0,0,0,3,0,0,0,0,1,0,0,0,14,1,0
/Users/danielogenrwot/Documents/Projects/roles-smells-metrics/src/bin/../../data/SourceProjects/Mobile/Omni-Notes-6.0.5/omniNotes/src/main/java/it/feio/android/omninotes/async/MainMenuTask.java,it.feio.android.omninotes.async.MainMenuTask,class,13,15,2,13,28,2,0,32,0,0.625,0.33333334,0.33333334,6,0,1,3,2,0,3,0,0,0,4,0,0,2,0,2,2,0,1,86,5,1,7,0,1,0,8,20,0,20,4,0,0,1,55,1,0
/Users/danielogenrwot/Documents/Projects/roles-smells-metrics/src/bin/../../data/SourceProjects/Mobile/Omni-Notes-6.0.5/omniNotes/src/androidTest/java/it/feio/android/omninotes/CategoryLifecycleTest.java,it.feio.android.omninotes.CategoryLifecycleTest$Anonymous1,anonymous,5,5,0,5,2,1,0,5,1,0.0,0.0,0.0,2,0,2,0,0,0,2,0,0,0,0,0,0,0,0,0,0,0,0,10,1,0,0,0,1,2,0,2,1,2,0,0,0,0,20,-1,0
/Users/danielogenrwot/Documents/Projects/roles-smells-metrics/src/bin/../../data/SourceProjects/Mobile/Omni-Notes-6.0.5/omniNotes/src/main/java/it/feio/android/omninotes/DetailFragment.java,it.feio.android.omninotes.DetailFragment$OnGeoUtilResultListenerImpl,innerclass,13,13,0,13,12,1,0,24,3,0.50000006,0.3,0.3,6,0,4,1,0,1,5,0,0,0,3,0,0,3,0,0,3,0,1,68,4,0,4,0,0,1,0,7,0,7,1,2,0,0,47,10,0
/Users/danielogenrwot/Documents/Projects/roles-smells-metrics/src/bin/../../data/SourceProjects/Mobile/Omni-Notes-6.0.5/omniNotes/src/test/java/it/feio/android/omninotes/ResourceAwareTest.java,it.feio.android.omninotes.ResourceAwareTest,class,2,3,1,2,6,1,0,7,0,0.625,1.0,1.0,4,4,3,1,0,0,3,0,0,0,2,2,0,2,0,0,2,0,2,27,5,1,1,1,1,5,0,6,5,6,2,0,0,0,52,1,0
/Users/danielogenrwot/Documents/Projects/roles-smells-metrics/src/bin/../../data/SourceProjects/Mobile/Omni-Notes-6.0.5/omniNotes/src/main/java/it/feio/android/omninotes/models/misc/PlayStoreMetadataFetcherResult.java,it.feio.android.omninotes.models.misc.PlayStoreMetadataFetcherResult,class,0,1,1,0,12,1,0,0,54,0.8333333,0.09090909,0.09090909,12,0,12,0,0,0,12,0,0,0,6,0,0,6,0,0,0,0,0,44,6,0,0,0,0,0,0,6,0,6,0,0,0,0,25,1,0
/Users/danielogenrwot/Documents/Projects/roles-smells-metrics/src/bin/../../data/SourceProjects/Mobile/Omni-Notes-6.0.5/omniNotes/src/main/java/it/feio/android/omninotes/helpers/LogDelegate.java,it.feio.android.omninotes.helpers.LogDelegate,class,5,55,50,5,17,1,0,18,36,0.8888889,0.0,0.0,9,8,7,2,0,0,7,0,0,0,1,1,0,1,0,0,0,0,10,66,1,0,1,0,0,1,0,1,0,1,2,0,0,0,19,1,0
/Users/danielogenrwot/Documents/Projects/roles-smells-metrics/src/bin/../../data/SourceProjects/Mobile/Omni-Notes-6.0.5/omniNotes/src/main/java/it/feio/android/omninotes/models/listeners/OnAttachingFileListener.java,it.feio.android.omninotes.models.listeners.OnAttachingFileListener,interface,1,4,3,1,2,1,0,0,1,0.0,0.0,0.0,2,0,0,0,0,2,2,0,0,0,0,0,0,0,0,0,0,0,0,4,0,0,0,0,0,0,0,0,0,0,0,0,0,0,10,1,0
/Users/danielogenrwot/Documents/Projects/roles-smells-metrics/src/bin/../../data/SourceProjects/Mobile/Omni-Notes-6.0.5/omniNotes/src/main/java/it/feio/android/omninotes/DetailFragment.java,it.feio.android.omninotes.DetailFragment$Anonymous5,anonymous,1,1,0,1,3,1,0,1,3,0.0,0.0,0.0,3,0,3,0,0,0,3,0,0,0,0,0,0,0,0,0,0,0,0,9,0,0,0,0,0,0,0,0,0,0,0,0,0,0,7,-1,0
/Users/danielogenrwot/Documents/Projects/roles-smells-metrics/src/bin/../../data/SourceProjects/Mobile/Omni-Notes-6.0.5/omniNotes/src/main/java/it/feio/android/omninotes/ListFragment.java,it.feio.android.omninotes.ListFragment$Anonymous1,anonymous,2,2,0,2,1,1,0,1,0,0.0,NaN,NaN,1,0,1,0,0,0,1,0,0,0,0,0,0,0,0,0,0,0,0,5,0,0,0,0,0,0,0,0,0,0,0,0,0,0,8,-1,0
/Users/danielogenrwot/Documents/Projects/roles-smells-metrics/src/bin/../../data/SourceProjects/Mobile/Omni-Notes-6.0.5/omniNotes/src/main/java/it/feio/android/omninotes/receiver/BootCompleteReceiver.java,it.feio.android.omninotes.receiver.BootCompleteReceiver,class,5,5,0,5,2,2,0,4,0,0.0,NaN,NaN,1,0,1,0,0,0,1,0,0,0,0,0,0,0,0,0,0,0,2,8,0,0,0,0,0,1,0,0,0,0,1,0,0,0,10,1,0
/Users/danielogenrwot/Documents/Projects/roles-smells-metrics/src/bin/../../data/SourceProjects/Mobile/Omni-Notes-6.0.5/omniNotes/src/androidTest/java/it/feio/android/omninotes/helpers/LanguageHelperTest.java,it.feio.android.omninotes.helpers.LanguageHelperTest,class,7,8,1,7,5,2,0,8,10,0.0,0.0,0.0,5,0,3,2,0,0,3,0,0,0,0,0,0,0,0,0,0,0,3,53,0,0,0,0,0,67,0,2,0,2,0,0,0,0,32,1,0
/Users/danielogenrwot/Documents/Projects/roles-smells-metrics/src/bin/../../data/SourceProjects/Mobile/Omni-Notes-6.0.5/omniNotes/src/main/java/it/feio/android/omninotes/BaseActivity.java,it.feio.android.omninotes.BaseActivity,class,24,37,13,24,28,2,3,48,56,0.83076924,0.16666667,0.22727273,13,1,6,1,6,0,12,0,0,0,5,0,0,0,5,0,2,0,7,107,7,1,7,1,1,12,3,20,1,18,2,0,0,0,145,1,0
/Users/danielogenrwot/Documents/Projects/roles-smells-metrics/src/bin/../../data/SourceProjects/Mobile/Omni-Notes-6.0.5/omniNotes/src/androidTest/java/it/feio/android/omninotes/utils/GeocodeHelperTest.java,it.feio.android.omninotes.utils.GeocodeHelperTest,class,7,7,0,7,2,2,0,5,0,0.0,NaN,NaN,1,0,1,0,0,0,1,0,0,0,0,0,0,0,0,0,0,0,4,10,0,0,0,0,0,0,3,3,0,3,1,0,0,0,19,1,0
/Users/danielogenrwot/Documents/Projects/roles-smells-metrics/src/bin/../../data/SourceProjects/Mobile/Omni-Notes-6.0.5/omniNotes/src/main/java/it/feio/android/omninotes/async/notes/NoteProcessorCategorize.java,it.feio.android.omninotes.async.notes.NoteProcessorCategorize,class,4,5,1,4,2,2,0,3,0,0.0,1.0,1.0,2,0,1,0,1,0,2,0,0,0,1,0,0,0,0,1,0,0,1,11,0,0,0,0,0,0,0,1,0,1,0,0,0,0,8,1,0
/Users/danielogenrwot/Documents/Projects/roles-smells-metrics/src/bin/../../data/SourceProjects/Mobile/Omni-Notes-6.0.5/omniNotes/src/alpha/java/it.feio.android.omninotes.helpers/GeocodeProviderFactory.java,GeocodeProviderFactory,class,1,4,0,4,0,1,0,0,0,0.0,-1.0,-1.0,0,0,0,0,0,0,0,0,0,0,0,0,0,0,0,0,0,0,0,2,0,0,0,0,0,0,0,0,0,0,0,0,0,0,4,1,0
/Users/danielogenrwot/Documents/Projects/roles-smells-metrics/src/bin/../../data/SourceProjects/Mobile/Omni-Notes-6.0.5/omniNotes/src/main/java/it/feio/android/omninotes/extensions/ONDashClockExtension.java,it.feio.android.omninotes.extensions.ONDashClockExtension$Counters,enum,0,0,0,0,0,1,0,0,0,0.0,-1.0,-1.0,0,0,0,0,0,0,0,0,0,0,0,0,0,0,0,0,0,0,0,1,0,0,0,0,0,0,0,0,0,0,0,0,0,0,7,2,0
/Users/danielogenrwot/Documents/Projects/roles-smells-metrics/src/bin/../../data/SourceProjects/Mobile/Omni-Notes-6.0.5/omniNotes/src/main/java/it/feio/android/omninotes/async/notes/NoteProcessorDelete.java,it.feio.android.omninotes.async.notes.NoteProcessorDelete,class,7,10,3,7,7,2,0,9,4,0.5,0.16666667,0.16666667,4,0,2,0,2,0,4,0,0,0,1,0,0,1,0,0,1,0,3,21,0,1,0,0,0,0,0,2,0,2,2,0,0,0,18,1,0
/Users/danielogenrwot/Documents/Projects/roles-smells-metrics/src/bin/../../data/SourceProjects/Mobile/Omni-Notes-6.0.5/omniNotes/src/main/java/it/feio/android/omninotes/utils/date/ReminderPickers.java,it.feio.android.omninotes.utils.date.ReminderPickers,class,16,18,2,16,17,1,0,24,0,0.75974035,0.5,0.7777778,11,0,8,2,1,0,9,0,0,0,14,2,2,12,0,0,2,0,3,104,0,0,3,0,0,2,4,32,0,31,2,0,0,2,68,1,0
/Users/danielogenrwot/Documents/Projects/roles-smells-metrics/src/bin/../../data/SourceProjects/Mobile/Omni-Notes-6.0.5/omniNotes/src/main/java/it/feio/android/omninotes/FontSizeListPreference.java,it.feio.android.omninotes.FontSizeListPreference,class,8,8,0,8,8,2,0,17,4,0.5,0.16666667,0.16666667,4,0,1,0,3,0,4,0,0,0,1,0,0,1,0,0,0,0,1,45,0,0,1,0,0,0,1,5,0,6,2,1,0,1,37,1,0
/Users/danielogenrwot/Documents/Projects/roles-smells-metrics/src/bin/../../data/SourceProjects/Mobile/Omni-Notes-6.0.5/omniNotes/src/main/java/it/feio/android/omninotes/models/views/Fab.java,it.feio.android.omninotes.models.views.Fab,class,14,18,4,14,27,1,0,28,7,0.76984125,0.42222223,0.8,14,0,10,4,0,0,10,0,0,0,9,0,0,8,0,1,1,0,1,150,3,0,3,0,2,0,2,23,1,20,2,3,0,4,64,1,0
/Users/danielogenrwot/Documents/Projects/roles-smells-metrics/src/bin/../../data/SourceProjects/Mobile/Omni-Notes-6.0.5/omniNotes/src/main/java/it/feio/android/omninotes/utils/ConnectionManager.java,it.feio.android.omninotes.utils.ConnectionManager,class,2,5,3,2,2,1,0,3,0,0.0,NaN,NaN,1,1,1,0,0,0,1,0,0,0,0,0,0,0,0,0,0,0,0,10,2,0,1,0,0,0,0,2,0,2,1,0,0,0,15,1,0
/Users/danielogenrwot/Documents/Projects/roles-smells-metrics/src/bin/../../data/SourceProjects/Mobile/Omni-Notes-6.0.5/omniNotes/src/main/java/it/feio/android/omninotes/utils/TagsHelper.java,it.feio.android.omninotes.utils.TagsHelper,class,5,11,6,5,26,1,0,46,28,0.0,0.0,0.0,8,8,7,1,0,0,7,0,0,0,0,0,0,0,0,0,0,0,6,90,9,7,2,0,1,15,7,20,4,22,4,0,0,4,43,1,0
/Users/danielogenrwot/Documents/Projects/roles-smells-metrics/src/bin/../../data/SourceProjects/Mobile/Omni-Notes-6.0.5/omniNotes/src/main/java/it/feio/android/omninotes/helpers/LanguageHelper.java,it.feio.android.omninotes.helpers.LanguageHelper,class,7,12,5,7,12,1,0,22,10,0.0,0.0,0.0,5,5,2,2,0,1,3,0,0,0,0,0,0,0,0,0,0,0,6,51,8,0,2,0,0,5,3,11,0,6,1,0,0,0,35,1,0
/Users/danielogenrwot/Documents/Projects/roles-smells-metrics/src/bin/../../data/SourceProjects/Mobile/Omni-Notes-6.0.5/omniNotes/src/main/java/it/feio/android/omninotes/services/NotificationListener.java,it.feio.android.omninotes.services.NotificationListener,class,11,13,2,11,9,2,0,22,15,0.0,0.0,0.0,6,1,6,0,0,0,6,0,0,0,0,0,0,0,0,0,0,0,7,31,1,0,1,0,0,3,0,4,2,4,1,0,0,0,32,1,0
/Users/danielogenrwot/Documents/Projects/roles-smells-metrics/src/bin/../../data/SourceProjects/Mobile/Omni-Notes-6.0.5/omniNotes/src/main/java/it/feio/android/omninotes/utils/TextHelper.java,it.feio.android.omninotes.utils.TextHelper,class,7,16,9,7,24,1,0,39,15,0.0,0.0,0.0,6,6,5,1,0,0,5,0,0,0,0,0,0,0,0,0,0,0,12,79,8,0,4,0,0,13,11,20,6,13,2,0,0,0,86,1,0
/Users/danielogenrwot/Documents/Projects/roles-smells-metrics/src/bin/../../data/SourceProjects/Mobile/Omni-Notes-6.0.5/omniNotes/src/main/java/it/feio/android/omninotes/StatsActivity.java,it.feio.android.omninotes.StatsActivity$1StatsTask,innerclass,5,5,0,5,3,2,0,3,3,0.6666667,0.0,0.0,3,0,1,0,2,0,3,0,0,0,1,0,0,1,0,0,0,0,1,12,1,0,0,0,1,0,0,1,0,1,0,0,0,0,14,0,0
/Users/danielogenrwot/Documents/Projects/roles-smells-metrics/src/bin/../../data/SourceProjects/Mobile/Omni-Notes-6.0.5/omniNotes/src/main/java/it/feio/android/omninotes/helpers/AppVersionHelper.java,it.feio.android.omninotes.helpers.AppVersionHelper,class,3,7,4,3,7,1,0,10,10,0.0,0.0,0.0,5,5,5,0,0,0,5,0,0,0,0,0,0,0,0,0,0,0,4,25,5,0,0,1,0,0,4,3,1,3,1,0,0,0,31,1,0
/Users/danielogenrwot/Documents/Projects/roles-smells-metrics/src/bin/../../data/SourceProjects/Mobile/Omni-Notes-6.0.5/omniNotes/src/main/java/it/feio/android/omninotes/async/notes/NoteLoaderTask.java,it.feio.android.omninotes.async.notes.NoteLoaderTask,class,6,9,3,6,14,2,0,12,6,0.75,0.0,0.0,4,1,1,1,2,0,3,0,0,0,1,1,0,1,0,0,0,0,1,53,4,0,4,2,0,3,5,10,0,8,2,0,0,0,39,1,0
/Users/danielogenrwot/Documents/Projects/roles-smells-metrics/src/bin/../../data/SourceProjects/Mobile/Omni-Notes-6.0.5/omniNotes/src/main/java/it/feio/android/omninotes/utils/Display.java,it.feio.android.omninotes.utils.Display,class,13,16,3,13,22,1,0,27,66,0.0,0.0,0.0,12,12,12,0,0,0,12,0,0,0,0,0,0,0,0,0,0,0,5,95,15,0,3,1,3,10,7,26,5,17,3,0,0,0,51,1,0
/Users/danielogenrwot/Documents/Projects/roles-smells-metrics/src/bin/../../data/SourceProjects/Mobile/Omni-Notes-6.0.5/omniNotes/src/main/java/it/feio/android/omninotes/models/adapters/PlacesAutoCompleteAdapter.java,it.feio.android.omninotes.models.adapters.PlacesAutoCompleteAdapter$Anonymous1,anonymous,2,2,0,2,6,1,0,6,1,0.0,0.0,0.0,2,0,0,0,2,0,2,0,0,0,0,0,0,0,0,0,0,0,1,19,1,0,2,0,0,0,1,4,0,1,1,0,0,0,27,-1,0
/Users/danielogenrwot/Documents/Projects/roles-smells-metrics/src/bin/../../data/SourceProjects/Mobile/Omni-Notes-6.0.5/omniNotes/src/main/java/it/feio/android/omninotes/utils/AssetUtils.java,it.feio.android.omninotes.utils.AssetUtils,class,1,2,1,1,4,1,0,3,1,0.0,0.0,0.0,2,2,2,0,0,0,2,0,0,0,0,0,0,0,0,0,0,0,1,15,3,1,0,0,0,0,0,1,0,1,2,0,0,0,17,1,0
/Users/danielogenrwot/Documents/Projects/roles-smells-metrics/src/bin/../../data/SourceProjects/Mobile/Omni-Notes-6.0.5/omniNotes/src/main/java/it/feio/android/omninotes/async/bus/PasswordRemovedEvent.java,it.feio.android.omninotes.async.bus.PasswordRemovedEvent,class,1,4,3,1,1,1,0,3,0,0.0,NaN,NaN,1,0,1,0,0,0,1,0,0,0,0,0,0,0,0,0,0,0,1,5,0,0,0,0,0,0,0,0,0,0,0,0,0,0,3,1,0
/Users/danielogenrwot/Documents/Projects/roles-smells-metrics/src/bin/../../data/SourceProjects/Mobile/Omni-Notes-6.0.5/omniNotes/src/main/java/it/feio/android/omninotes/models/adapters/AttachmentAdapter.java,it.feio.android.omninotes.models.adapters.AttachmentAdapter$AttachmentHolder,innerclass,2,2,0,2,0,1,0,0,0,NaN,-1.0,-1.0,0,0,0,0,0,0,0,0,0,0,2,0,0,0,0,2,0,0,0,4,0,0,0,0,0,0,0,0,0,2,0,0,0,0,8,1,0
/Users/danielogenrwot/Documents/Projects/roles-smells-metrics/src/bin/../../data/SourceProjects/Mobile/Omni-Notes-6.0.5/omniNotes/src/main/java/it/feio/android/omninotes/StatsActivity.java,it.feio.android.omninotes.StatsActivity,class,9,11,2,9,3,3,0,30,3,0.0,NaN,NaN,3,0,0,2,1,0,1,0,0,0,0,0,0,0,0,0,0,0,23,47,0,0,0,0,23,1,0,0,0,0,0,0,1,0,21,1,0
/Users/danielogenrwot/Documents/Projects/roles-smells-metrics/src/bin/../../data/SourceProjects/Mobile/Omni-Notes-6.0.5/omniNotes/src/main/java/it/feio/android/omninotes/helpers/count/WordCounter.java,it.feio.android.omninotes.helpers.count.WordCounter,interface,1,5,4,1,4,1,0,3,3,0.0,0.0,0.0,3,0,0,0,0,3,3,0,0,0,0,0,0,0,0,0,0,0,2,11,1,0,0,0,0,4,0,2,1,1,1,0,0,0,14,1,0
/Users/danielogenrwot/Documents/Projects/roles-smells-metrics/src/bin/../../data/SourceProjects/Mobile/Omni-Notes-6.0.5/omniNotes/src/main/java/it/feio/android/omninotes/utils/FileHelper.java,it.feio.android.omninotes.utils.FileHelper,class,7,11,4,7,34,1,0,35,55,0.0,0.0,0.0,11,11,11,0,0,0,11,0,0,0,0,0,0,0,0,0,0,0,11,134,21,0,7,4,0,21,8,29,1,23,4,0,0,0,90,1,0
/Users/danielogenrwot/Documents/Projects/roles-smells-metrics/src/bin/../../data/SourceProjects/Mobile/Omni-Notes-6.0.5/omniNotes/src/main/java/it/feio/android/omninotes/async/UpdaterTask.java,it.feio.android.omninotes.async.UpdaterTask$Anonymous1,anonymous,6,6,0,6,2,1,0,8,0,0.0,NaN,NaN,1,0,1,0,0,0,1,0,0,0,0,0,0,0,0,0,0,0,1,12,0,0,0,0,2,3,0,0,1,0,1,0,0,0,11,-1,0
/Users/danielogenrwot/Documents/Projects/roles-smells-metrics/src/bin/../../data/SourceProjects/Mobile/Omni-Notes-6.0.5/omniNotes/src/main/java/it/feio/android/omninotes/utils/Security.java,it.feio.android.omninotes.utils.Security,class,2,4,2,2,8,1,0,17,3,0.0,0.0,0.0,3,3,3,0,0,0,3,0,0,0,0,0,0,0,0,0,0,0,10,57,7,1,0,3,1,11,2,18,0,17,2,0,0,0,60,1,0
/Users/danielogenrwot/Documents/Projects/roles-smells-metrics/src/bin/../../data/SourceProjects/Mobile/Omni-Notes-6.0.5/omniNotes/src/main/java/it/feio/android/omninotes/async/UpdateWidgetsTask.java,it.feio.android.omninotes.async.UpdateWidgetsTask,class,3,4,1,3,2,2,0,0,1,0.5,0.0,0.0,2,0,1,0,1,0,2,0,0,0,1,0,0,1,0,0,0,0,0,19,1,0,0,0,0,0,0,2,0,2,0,0,1,0,14,1,0
/Users/danielogenrwot/Documents/Projects/roles-smells-metrics/src/bin/../../data/SourceProjects/Mobile/Omni-Notes-6.0.5/omniNotes/src/main/java/it/feio/android/omninotes/models/listeners/OnNoteSaved.java,it.feio.android.omninotes.models.listeners.OnNoteSaved,interface,1,3,2,1,1,1,0,0,0,0.0,NaN,NaN,1,0,0,0,0,1,1,0,0,0,0,0,0,0,0,0,0,0,0,3,0,0,0,0,0,0,0,0,0,0,0,0,0,0,5,1,0
/Users/danielogenrwot/Documents/Projects/roles-smells-metrics/src/bin/../../data/SourceProjects/Mobile/Omni-Notes-6.0.5/omniNotes/src/main/java/it/feio/android/omninotes/models/views/InterceptorFrameLayout.java,it.feio.android.omninotes.models.views.InterceptorFrameLayout,class,5,6,1,5,5,2,0,2,4,0.5,0.16666667,0.16666667,4,0,4,0,0,0,4,0,0,0,1,0,0,1,0,0,0,0,0,18,1,0,1,0,0,0,0,1,0,1,1,0,0,0,21,1,0
/Users/danielogenrwot/Documents/Projects/roles-smells-metrics/src/bin/../../data/SourceProjects/Mobile/Omni-Notes-6.0.5/omniNotes/src/main/java/it/feio/android/omninotes/models/listeners/AbsListViewScrollDetector.java,it.feio.android.omninotes.models.listeners.AbsListViewScrollDetector,class,5,7,2,5,15,1,0,7,22,0.78125,0.06666667,0.06666667,8,0,6,2,0,0,6,2,0,0,4,0,0,4,0,0,0,0,1,51,3,0,3,0,0,0,3,8,1,7,3,0,0,0,35,1025,0
/Users/danielogenrwot/Documents/Projects/roles-smells-metrics/src/bin/../../data/SourceProjects/Mobile/Omni-Notes-6.0.5/omniNotes/src/main/java/it/feio/android/omninotes/ListFragment.java,it.feio.android.omninotes.ListFragment$ModeCallback,innerclass,11,11,0,11,11,1,0,29,6,0.0,0.0,0.0,4,0,4,0,0,0,4,0,0,0,0,0,0,0,0,0,0,0,2,47,3,1,3,0,0,1,2,7,1,6,3,0,0,1,31,18,0
/Users/danielogenrwot/Documents/Projects/roles-smells-metrics/src/bin/../../data/SourceProjects/Mobile/Omni-Notes-6.0.5/omniNotes/src/main/java/it/feio/android/omninotes/models/PasswordValidator.java,it.feio.android.omninotes.models.PasswordValidator,interface,1,3,2,1,1,1,0,0,0,0.0,NaN,NaN,1,0,0,0,0,1,1,0,0,0,0,0,0,0,0,0,0,0,0,4,0,0,0,0,0,0,0,0,0,0,0,0,1,0,12,1,0
/Users/danielogenrwot/Documents/Projects/roles-smells-metrics/src/bin/../../data/SourceProjects/Mobile/Omni-Notes-6.0.5/omniNotes/src/main/java/it/feio/android/omninotes/models/PushBulletMessage.java,it.feio.android.omninotes.models.PushBulletMessage,class,0,0,0,0,1,1,0,0,0,0.0,NaN,NaN,1,0,1,0,0,0,1,0,0,0,1,0,1,0,0,0,1,0,0,6,0,0,0,0,0,0,0,1,0,1,0,0,0,0,4,1,0
/Users/danielogenrwot/Documents/Projects/roles-smells-metrics/src/bin/../../data/SourceProjects/Mobile/Omni-Notes-6.0.5/omniNotes/src/main/java/it/feio/android/omninotes/async/bus/NavigationUpdatedEvent.java,it.feio.android.omninotes.async.bus.NavigationUpdatedEvent,class,1,2,1,1,1,1,0,3,0,0.0,NaN,NaN,1,0,1,0,0,0,1,0,0,0,1,0,1,0,0,0,1,0,1,7,0,0,0,0,0,0,0,1,0,1,0,0,0,0,10,1,0
/Users/danielogenrwot/Documents/Projects/roles-smells-metrics/src/bin/../../data/SourceProjects/Mobile/Omni-Notes-6.0.5/omniNotes/src/main/java/it/feio/android/omninotes/models/listeners/OnPermissionRequestedListener.java,it.feio.android.omninotes.models.listeners.OnPermissionRequestedListener,interface,0,1,1,0,1,1,0,0,0,0.0,NaN,NaN,1,0,0,0,0,1,1,0,0,0,0,0,0,0,0,0,0,0,0,3,0,0,0,0,0,0,0,0,0,0,0,0,0,0,6,1,0
/Users/danielogenrwot/Documents/Projects/roles-smells-metrics/src/bin/../../data/SourceProjects/Mobile/Omni-Notes-6.0.5/omniNotes/src/main/java/it/feio/android/omninotes/async/UpdateWidgetsTask.java,it.feio.android.omninotes.async.UpdateWidgetsTask$WidgetUpdateSubscriber,innerclass,2,2,0,2,2,1,0,4,1,0.0,0.0,0.0,2,0,1,0,0,1,2,0,0,0,0,0,0,0,0,0,0,0,1,9,0,0,0,0,0,0,0,0,0,0,0,0,0,0,9,0,0
/Users/danielogenrwot/Documents/Projects/roles-smells-metrics/src/bin/../../data/SourceProjects/Mobile/Omni-Notes-6.0.5/omniNotes/src/main/java/it/feio/android/omninotes/utils/IntentChecker.java,it.feio.android.omninotes.utils.IntentChecker,class,6,9,3,6,11,1,0,10,10,0.0,0.0,0.0,5,5,4,1,0,0,4,0,0,0,0,0,0,0,0,0,0,0,2,30,6,2,2,0,0,1,1,4,0,3,2,0,0,0,37,1,0
/Users/danielogenrwot/Documents/Projects/roles-smells-metrics/src/bin/../../data/SourceProjects/Mobile/Omni-Notes-6.0.5/omniNotes/src/main/java/it/feio/android/omninotes/models/listeners/OnReminderPickedListener.java,it.feio.android.omninotes.models.listeners.OnReminderPickedListener,interface,0,3,3,0,2,1,0,0,1,0.0,0.0,0.0,2,0,0,0,0,2,2,0,0,0,0,0,0,0,0,0,0,0,0,4,0,0,0,0,0,0,0,0,0,0,0,0,0,0,9,1,0
/Users/danielogenrwot/Documents/Projects/roles-smells-metrics/src/bin/../../data/SourceProjects/Mobile/Omni-Notes-6.0.5/omniNotes/src/main/java/it/feio/android/omninotes/intro/IntroFragment.java,it.feio.android.omninotes.intro.IntroFragment,class,8,14,6,8,1,2,6,2,0,1.0,NaN,NaN,1,0,1,0,0,0,1,0,0,0,5,0,0,0,0,5,0,0,0,12,1,0,0,0,0,0,0,1,0,6,0,0,0,0,20,1,0
/Users/danielogenrwot/Documents/Projects/roles-smells-metrics/src/bin/../../data/SourceProjects/Mobile/Omni-Notes-6.0.5/omniNotes/src/main/java/it/feio/android/omninotes/utils/StorageHelper.java,it.feio.android.omninotes.utils.StorageHelper,class,11,27,16,11,80,1,0,80,435,0.0,0.0,0.0,30,30,27,3,0,0,27,0,0,1,0,0,0,0,0,0,0,0,46,350,40,2,12,12,1,22,5,70,9,43,3,0,0,0,163,1,0
/Users/danielogenrwot/Documents/Projects/roles-smells-metrics/src/bin/../../data/SourceProjects/Mobile/Omni-Notes-6.0.5/omniNotes/src/main/java/it/feio/android/omninotes/models/holders/NoteViewHolder.java,it.feio.android.omninotes.models.holders.NoteViewHolder,class,6,8,2,6,1,1,0,1,0,0.0,NaN,NaN,1,0,1,0,0,0,1,0,0,0,12,0,12,0,0,0,0,0,0,17,0,0,0,0,0,0,0,0,0,12,0,0,0,0,22,1,0
/Users/danielogenrwot/Documents/Projects/roles-smells-metrics/src/bin/../../data/SourceProjects/Mobile/Omni-Notes-6.0.5/omniNotes/src/main/java/it/feio/android/omninotes/async/TextWorkerTask.java,it.feio.android.omninotes.async.TextWorkerTask,class,7,9,2,7,9,2,0,6,0,0.5,0.6666667,1.0,4,0,1,1,2,0,3,0,0,0,5,0,0,5,0,0,1,0,1,37,2,0,2,0,0,0,5,5,0,5,3,0,0,0,33,1,0
/Users/danielogenrwot/Documents/Projects/roles-smells-metrics/src/bin/../../data/SourceProjects/Mobile/Omni-Notes-6.0.5/omniNotes/src/main/java/it/feio/android/omninotes/utils/notifications/NotificationChannels.java,it.feio.android.omninotes.utils.notifications.NotificationChannels$Anonymous1,anonymous,2,2,0,2,1,1,0,3,0,0.0,NaN,NaN,0,0,0,0,0,0,1,0,0,0,0,0,0,0,0,0,0,0,4,6,0,0,0,0,0,0,0,0,0,0,0,0,0,0,3,-1,0
/Users/danielogenrwot/Documents/Projects/roles-smells-metrics/src/bin/../../data/SourceProjects/Mobile/Omni-Notes-6.0.5/omniNotes/src/main/java/it/feio/android/omninotes/models/listeners/OnDrawChangedListener.java,it.feio.android.omninotes.models.listeners.OnDrawChangedListener,interface,0,2,2,0,1,1,0,0,0,0.0,NaN,NaN,1,0,0,0,0,1,1,0,0,0,0,0,0,0,0,0,0,0,0,3,0,0,0,0,0,0,0,0,0,0,0,0,0,0,5,1,0
/Users/danielogenrwot/Documents/Projects/roles-smells-metrics/src/bin/../../data/SourceProjects/Mobile/Omni-Notes-6.0.5/omniNotes/src/main/java/it/feio/android/omninotes/PasswordActivity.java,it.feio.android.omninotes.PasswordActivity$Anonymous1,anonymous,1,1,0,1,2,1,0,1,1,0.0,0.0,0.0,2,0,2,0,0,0,2,0,0,0,0,0,0,0,0,0,0,0,0,7,0,0,0,0,0,0,0,0,0,0,0,0,0,0,5,-1,0
/Users/danielogenrwot/Documents/Projects/roles-smells-metrics/src/bin/../../data/SourceProjects/Mobile/Omni-Notes-6.0.5/omniNotes/src/main/java/it/feio/android/omninotes/ListFragment.java,it.feio.android.omninotes.ListFragment,class,77,84,7,77,278,3,0,323,701,0.93734646,0.39919356,0.76209676,74,0,25,42,1,6,32,0,0,0,44,3,0,32,0,12,3,0,67,1261,22,13,76,2,9,48,45,156,17,149,6,7,1,17,384,1,0
/Users/danielogenrwot/Documents/Projects/roles-smells-metrics/src/bin/../../data/SourceProjects/Mobile/Omni-Notes-6.0.5/omniNotes/src/main/java/it/feio/android/omninotes/PasswordActivity.java,it.feio.android.omninotes.PasswordActivity$Anonymous3,anonymous,1,1,0,1,2,1,0,1,1,0.0,0.0,0.0,2,0,2,0,0,0,2,0,0,0,0,0,0,0,0,0,0,0,0,7,0,0,0,0,0,0,0,0,0,0,0,0,0,0,5,-1,0
/Users/danielogenrwot/Documents/Projects/roles-smells-metrics/src/bin/../../data/SourceProjects/Mobile/Omni-Notes-6.0.5/omniNotes/src/main/java/it/feio/android/omninotes/PasswordActivity.java,it.feio.android.omninotes.PasswordActivity$Anonymous2,anonymous,4,4,0,4,1,1,0,1,0,0.0,NaN,NaN,1,0,1,0,0,0,1,0,0,0,0,0,0,0,0,0,0,0,1,5,0,0,0,0,0,0,0,0,0,0,0,0,0,0,6,-1,0
/Users/danielogenrwot/Documents/Projects/roles-smells-metrics/src/bin/../../data/SourceProjects/Mobile/Omni-Notes-6.0.5/omniNotes/src/test/java/it/feio/android/omninotes/utils/date/DateUtilsTest.java,it.feio.android.omninotes.utils.date.DateUtilsTest,class,5,5,0,5,5,1,0,17,10,0.0,0.0,0.0,5,0,5,0,0,0,5,0,0,0,0,0,0,0,0,0,0,0,17,38,0,0,0,0,1,5,19,13,10,9,0,0,0,0,35,1,0
/Users/danielogenrwot/Documents/Projects/roles-smells-metrics/src/bin/../../data/SourceProjects/Mobile/Omni-Notes-6.0.5/omniNotes/src/main/java/it/feio/android/omninotes/models/views/InterceptorLinearLayout.java,it.feio.android.omninotes.models.views.InterceptorLinearLayout,class,5,6,1,5,5,2,0,2,4,0.5,0.16666667,0.16666667,4,0,4,0,0,0,4,0,0,0,1,0,0,1,0,0,0,0,0,18,1,0,1,0,0,0,0,1,0,1,1,0,0,0,21,1,0
/Users/danielogenrwot/Documents/Projects/roles-smells-metrics/src/bin/../../data/SourceProjects/Mobile/Omni-Notes-6.0.5/omniNotes/src/main/java/it/feio/android/omninotes/NoteInfosActivity.java,it.feio.android.omninotes.NoteInfosActivity,class,9,11,2,9,6,2,0,27,6,0.75,NaN,NaN,4,0,0,3,1,0,1,0,0,0,11,0,0,0,0,11,0,0,3,46,0,0,0,0,1,1,1,3,0,14,1,0,0,0,38,1,0
/Users/danielogenrwot/Documents/Projects/roles-smells-metrics/src/bin/../../data/SourceProjects/Mobile/Omni-Notes-6.0.5/omniNotes/src/main/java/it/feio/android/omninotes/async/CategoryMenuTask.java,it.feio.android.omninotes.async.CategoryMenuTask,class,15,17,2,15,22,2,0,40,7,0.5952381,0.5,0.5,7,0,1,3,3,0,4,0,0,0,6,0,0,6,0,0,2,0,1,97,6,0,10,0,1,0,4,13,1,21,4,0,0,4,51,1,0
/Users/danielogenrwot/Documents/Projects/roles-smells-metrics/src/bin/../../data/SourceProjects/Mobile/Omni-Notes-6.0.5/omniNotes/src/main/java/it/feio/android/omninotes/PasswordActivity.java,it.feio.android.omninotes.PasswordActivity,class,13,16,3,13,34,3,0,53,12,0.60714287,0.1,0.1,8,0,3,3,2,0,5,0,0,0,7,0,0,7,0,0,0,0,1,160,4,0,8,0,2,8,12,22,2,27,5,3,0,8,75,1,0
/Users/danielogenrwot/Documents/Projects/roles-smells-metrics/src/bin/../../data/SourceProjects/Mobile/Omni-Notes-6.0.5/omniNotes/src/androidTest/java/it/feio/android/omninotes/helpers/BackupHelperTest.java,it.feio.android.omninotes.helpers.BackupHelperTest,class,11,11,0,11,6,2,0,40,0,0.25,1.0,1.0,4,0,4,0,0,0,4,0,0,0,2,0,0,2,0,0,0,0,9,56,2,0,0,1,0,12,2,13,1,16,2,0,0,3,39,1,0
/Users/danielogenrwot/Documents/Projects/roles-smells-metrics/src/bin/../../data/SourceProjects/Mobile/Omni-Notes-6.0.5/omniNotes/src/main/java/it/feio/android/omninotes/NavigationDrawerFragment.java,it.feio.android.omninotes.NavigationDrawerFragment,class,26,29,3,26,31,2,0,51,125,0.84259254,0.13186814,0.30769232,18,1,13,4,0,1,14,0,0,0,6,2,0,2,0,4,2,0,8,141,4,0,6,0,3,4,7,14,2,13,2,1,0,2,88,1,0
/Users/danielogenrwot/Documents/Projects/roles-smells-metrics/src/bin/../../data/SourceProjects/Mobile/Omni-Notes-6.0.5/omniNotes/src/main/java/it/feio/android/omninotes/AboutActivity.java,it.feio.android.omninotes.AboutActivity,class,6,7,1,6,4,3,0,18,6,0.0,0.0,0.0,4,0,2,1,1,0,3,0,0,0,0,0,0,0,0,0,0,0,0,24,1,0,0,0,1,1,0,2,0,3,0,0,0,1,40,1,0
/Users/danielogenrwot/Documents/Projects/roles-smells-metrics/src/bin/../../data/SourceProjects/Mobile/Omni-Notes-6.0.5/omniNotes/src/test/java/it/feio/android/omninotes/BaseUnitTest.java,it.feio.android.omninotes.BaseUnitTest,class,1,4,3,1,1,1,3,3,0,0.0,NaN,NaN,1,0,0,0,1,0,1,0,0,0,0,0,0,0,0,0,0,0,0,9,1,0,0,0,0,0,0,1,0,1,0,0,0,0,10,1,0
/Users/danielogenrwot/Documents/Projects/roles-smells-metrics/src/bin/../../data/SourceProjects/Mobile/Omni-Notes-6.0.5/omniNotes/src/main/java/it/feio/android/omninotes/models/listeners/OnFabItemClickedListener.java,it.feio.android.omninotes.models.listeners.OnFabItemClickedListener,interface,0,2,2,0,1,1,0,0,0,0.0,NaN,NaN,1,0,0,0,0,1,1,0,0,0,0,0,0,0,0,0,0,0,0,3,0,0,0,0,0,0,0,0,0,0,0,0,0,0,8,1,0
/Users/danielogenrwot/Documents/Projects/roles-smells-metrics/src/bin/../../data/SourceProjects/Mobile/Omni-Notes-6.0.5/omniNotes/src/main/java/it/feio/android/omninotes/utils/AlphaManager.java,it.feio.android.omninotes.utils.AlphaManager,class,2,3,1,2,3,1,0,1,1,0.0,NaN,NaN,2,1,1,1,0,0,1,0,0,0,0,0,0,0,0,0,0,0,0,9,0,0,1,0,0,1,0,0,0,0,1,0,0,0,7,1,0
/Users/danielogenrwot/Documents/Projects/roles-smells-metrics/src/bin/../../data/SourceProjects/Mobile/Omni-Notes-6.0.5/omniNotes/src/main/java/it/feio/android/omninotes/helpers/AttachmentsHelper.java,it.feio.android.omninotes.helpers.AttachmentsHelper,class,1,2,1,1,5,1,0,7,1,0.0,0.0,0.0,2,2,2,0,0,0,2,0,0,0,0,0,0,0,0,0,0,0,0,17,3,1,1,0,0,0,1,2,0,1,2,0,0,0,26,1,0
/Users/danielogenrwot/Documents/Projects/roles-smells-metrics/src/bin/../../data/SourceProjects/Mobile/Omni-Notes-6.0.5/omniNotes/src/beta/java/it/feio/android/omninotes/utils/Constants.java,it.feio.android.omninotes.utils.Constants,interface,1,1,0,1,0,1,0,0,0,NaN,-1.0,-1.0,0,0,0,0,0,0,0,0,0,0,4,0,0,0,0,4,0,0,0,6,0,0,0,0,0,4,0,4,1,4,0,0,0,0,20,1,0
/Users/danielogenrwot/Documents/Projects/roles-smells-metrics/src/bin/../../data/SourceProjects/Mobile/Omni-Notes-6.0.5/omniNotes/src/androidTest/java/it/feio/android/omninotes/FabLifecycleTest.java,it.feio.android.omninotes.FabLifecycleTest,class,7,7,0,7,2,3,0,10,1,0.0,0.0,0.0,2,0,2,0,0,0,2,0,0,0,0,0,0,0,0,0,0,0,4,16,0,0,0,0,0,0,4,5,0,5,0,0,0,0,28,1,0
/Users/danielogenrwot/Documents/Projects/roles-smells-metrics/src/bin/../../data/SourceProjects/Mobile/Omni-Notes-6.0.5/omniNotes/src/main/java/it/feio/android/omninotes/models/StatsSingleNote.java,it.feio.android.omninotes.models.StatsSingleNote,class,0,5,5,0,24,1,1,0,252,0.91666675,0.04347826,0.04347826,24,0,24,0,0,0,24,0,0,0,12,0,0,0,12,0,0,0,0,86,12,0,0,0,0,0,0,12,0,12,0,0,0,0,32,1,0
/Users/danielogenrwot/Documents/Projects/roles-smells-metrics/src/bin/../../data/SourceProjects/Mobile/Omni-Notes-6.0.5/omniNotes/src/main/java/it/feio/android/omninotes/models/views/SquareImageView.java,it.feio.android.omninotes.models.views.SquareImageView,class,4,6,2,4,7,2,0,5,13,0.6666667,0.06666667,0.06666667,6,0,5,0,1,0,6,0,0,0,1,0,0,1,0,0,0,0,0,28,2,0,1,0,0,0,0,1,0,1,1,0,0,0,26,1,0
/Users/danielogenrwot/Documents/Projects/roles-smells-metrics/src/bin/../../data/SourceProjects/Mobile/Omni-Notes-6.0.5/omniNotes/src/main/java/it/feio/android/omninotes/SketchFragment.java,it.feio.android.omninotes.SketchFragment,class,25,29,4,25,28,2,0,78,29,0.80666673,0.21428572,0.21428572,10,0,7,2,1,0,8,0,0,0,12,0,0,6,0,6,0,0,5,203,3,0,8,2,4,8,16,30,6,39,2,2,0,6,106,1,0
/Users/danielogenrwot/Documents/Projects/roles-smells-metrics/src/bin/../../data/SourceProjects/Mobile/Omni-Notes-6.0.5/omniNotes/src/main/java/it/feio/android/omninotes/utils/notifications/NotificationChannels.java,it.feio.android.omninotes.utils.notifications.NotificationChannels,class,2,3,1,2,1,1,0,0,0,0.0,NaN,NaN,1,1,1,0,0,0,1,0,0,0,1,1,0,1,0,0,0,0,0,13,1,0,0,0,0,0,0,1,0,1,0,1,1,0,8,1,0
/Users/danielogenrwot/Documents/Projects/roles-smells-metrics/src/bin/../../data/SourceProjects/Mobile/Omni-Notes-6.0.5/omniNotes/src/main/java/it/feio/android/omninotes/models/Category.java,it.feio.android.omninotes.models.Category,class,3,16,13,3,8,2,0,12,28,0.875,0.0,0.0,8,0,7,1,0,0,7,0,0,0,1,1,1,0,0,0,1,0,0,41,2,0,0,0,0,0,1,1,0,1,0,1,0,0,28,1,0
/Users/danielogenrwot/Documents/Projects/roles-smells-metrics/src/bin/../../data/SourceProjects/Mobile/Omni-Notes-6.0.5/omniNotes/src/main/java/it/feio/android/omninotes/async/bus/NotesLoadedEvent.java,it.feio.android.omninotes.async.bus.NotesLoadedEvent,class,2,5,3,2,1,1,0,3,0,0.0,NaN,NaN,1,0,1,0,0,0,1,0,0,0,1,0,1,0,0,0,0,0,1,7,0,0,0,0,0,0,0,1,0,1,0,0,0,0,4,1,0
/Users/danielogenrwot/Documents/Projects/roles-smells-metrics/src/bin/../../data/SourceProjects/Mobile/Omni-Notes-6.0.5/omniNotes/src/main/java/it/feio/android/omninotes/utils/notifications/NotificationChannel.java,it.feio.android.omninotes.utils.notifications.NotificationChannel,class,0,3,3,0,1,1,0,0,0,0.0,NaN,NaN,1,0,0,0,0,1,1,0,0,0,3,0,0,0,0,3,0,0,0,10,0,0,0,0,0,0,0,3,0,3,0,0,0,0,5,1,0
/Users/danielogenrwot/Documents/Projects/roles-smells-metrics/src/bin/../../data/SourceProjects/Mobile/Omni-Notes-6.0.5/omniNotes/src/main/java/it/feio/android/omninotes/utils/date/DatePickerDialogFragment.java,it.feio.android.omninotes.utils.date.DatePickerDialogFragment,class,9,10,1,9,5,2,0,17,0,0.33333334,1.0,1.0,3,0,3,0,0,0,3,0,0,0,3,1,1,2,0,0,1,0,1,38,1,0,0,1,0,3,0,10,1,13,1,0,0,2,95,1,0
/Users/danielogenrwot/Documents/Projects/roles-smells-metrics/src/bin/../../data/SourceProjects/Mobile/Omni-Notes-6.0.5/omniNotes/src/main/java/it/feio/android/omninotes/async/bus/NotesDeletedEvent.java,it.feio.android.omninotes.async.bus.NotesDeletedEvent,class,2,3,1,2,1,1,0,3,0,0.0,NaN,NaN,1,0,1,0,0,0,1,0,0,0,1,0,1,0,0,0,0,0,1,7,0,0,0,0,0,0,0,1,0,1,0,0,0,0,4,1,0
/Users/danielogenrwot/Documents/Projects/roles-smells-metrics/src/bin/../../data/SourceProjects/Mobile/Omni-Notes-6.0.5/omniNotes/src/main/java/it/feio/android/omninotes/utils/GeocodeHelper.java,it.feio.android.omninotes.utils.GeocodeHelper,class,21,27,6,21,30,1,0,50,78,0.9358974,0.0,0.0,13,8,11,1,0,1,12,0,0,0,6,6,0,6,0,0,4,0,18,151,7,2,5,3,1,17,20,37,3,35,3,1,0,2,98,1,0
/Users/danielogenrwot/Documents/Projects/roles-smells-metrics/src/bin/../../data/SourceProjects/Mobile/Omni-Notes-6.0.5/omniNotes/src/main/java/it/feio/android/omninotes/DetailFragment.java,it.feio.android.omninotes.DetailFragment,class,105,110,5,105,321,3,0,406,732,0.95109236,0.20454545,0.52272725,93,0,32,60,0,1,33,0,0,0,62,8,3,38,0,21,8,0,94,1619,45,8,75,5,13,87,48,233,29,218,5,5,2,23,475,1,0
/Users/danielogenrwot/Documents/Projects/roles-smells-metrics/src/bin/../../data/SourceProjects/Mobile/Omni-Notes-6.0.5/omniNotes/src/main/java/it/feio/android/omninotes/models/adapters/ImageAndTextAdapter.java,it.feio.android.omninotes.models.adapters.ImageAndTextAdapter,class,8,8,0,8,7,2,0,13,0,0.4666667,0.6,0.6,5,0,5,0,0,0,5,0,0,0,3,0,0,2,0,1,0,0,1,38,4,0,2,0,0,0,1,8,0,4,1,0,0,0,24,1,0
/Users/danielogenrwot/Documents/Projects/roles-smells-metrics/src/bin/../../data/SourceProjects/Mobile/Omni-Notes-6.0.5/omniNotes/src/androidTest/java/it/feio/android/omninotes/CategoryLifecycleTest.java,it.feio.android.omninotes.CategoryLifecycleTest,class,12,13,1,12,6,3,0,24,0,0.2,1.0,1.0,5,1,4,1,0,0,4,0,0,0,1,0,0,1,0,0,0,0,5,86,1,0,0,1,0,5,3,27,1,27,1,1,0,0,75,1,0
/Users/danielogenrwot/Documents/Projects/roles-smells-metrics/src/bin/../../data/SourceProjects/Mobile/Omni-Notes-6.0.5/omniNotes/src/alpha/java/it/feio/android/omninotes/utils/Constants.java,Constants,interface,2,2,0,2,0,1,0,0,0,NaN,-1.0,-1.0,0,0,0,0,0,0,0,0,0,0,4,0,0,0,0,4,0,0,0,6,0,0,0,0,0,4,0,4,1,4,0,0,0,0,20,1,0
/Users/danielogenrwot/Documents/Projects/roles-smells-metrics/src/bin/../../data/SourceProjects/Mobile/Omni-Notes-6.0.5/omniNotes/src/main/java/it/feio/android/omninotes/utils/AnimationsHelper.java,it.feio.android.omninotes.utils.AnimationsHelper$Anonymous1,anonymous,1,1,0,1,3,1,0,1,3,0.0,0.0,0.0,3,0,3,0,0,0,3,0,0,0,0,0,0,0,0,0,0,0,0,9,0,0,0,0,0,0,0,0,0,0,0,0,0,0,6,-1,0
/Users/danielogenrwot/Documents/Projects/roles-smells-metrics/src/bin/../../data/SourceProjects/Mobile/Omni-Notes-6.0.5/omniNotes/src/main/java/it/feio/android/omninotes/intro/IntroSlide1.java,it.feio.android.omninotes.intro.IntroSlide1,class,2,3,1,2,1,3,0,6,0,0.0,NaN,NaN,1,0,1,0,0,0,1,0,0,0,0,0,0,0,0,0,0,0,0,11,0,0,0,0,0,1,0,0,0,0,0,0,0,0,10,1,0
/Users/danielogenrwot/Documents/Projects/roles-smells-metrics/src/bin/../../data/SourceProjects/Mobile/Omni-Notes-6.0.5/omniNotes/src/main/java/it/feio/android/omninotes/models/UndoBarController.java,it.feio.android.omninotes.models.UndoBarController,class,9,12,3,9,11,1,0,23,0,0.5625,0.6666667,1.0,6,0,6,0,0,0,6,0,0,0,8,0,0,8,0,0,0,0,1,79,1,0,2,0,0,4,4,13,0,8,2,2,1,0,35,1,0
/Users/danielogenrwot/Documents/Projects/roles-smells-metrics/src/bin/../../data/SourceProjects/Mobile/Omni-Notes-6.0.5/omniNotes/src/main/java/it/feio/android/omninotes/utils/ResourcesUtils.java,it.feio.android.omninotes.utils.ResourcesUtils$ResourceIdentifiers,enum,0,0,0,0,0,1,0,0,0,0.0,-1.0,-1.0,0,0,0,0,0,0,0,0,0,0,0,0,0,0,0,0,0,0,0,1,0,0,0,0,0,0,0,0,0,0,0,0,0,0,4,1,0
/Users/danielogenrwot/Documents/Projects/roles-smells-metrics/src/bin/../../data/SourceProjects/Mobile/Omni-Notes-6.0.5/omniNotes/src/main/java/it/feio/android/omninotes/utils/notifications/NotificationsHelper.java,it.feio.android.omninotes.utils.notifications.NotificationsHelper,class,14,20,6,14,31,1,0,36,19,0.62318844,0.4624506,0.6758893,23,0,23,0,0,0,23,0,0,0,3,0,0,3,0,0,0,0,2,114,15,1,5,0,0,0,16,7,0,6,2,0,0,0,64,1,0
/Users/danielogenrwot/Documents/Projects/roles-smells-metrics/src/bin/../../data/SourceProjects/Mobile/Omni-Notes-6.0.5/omniNotes/src/androidTest/java/it/feio/android/omninotes/RemindersLifecycleTest.java,it.feio.android.omninotes.RemindersLifecycleTest,class,13,13,0,13,2,1,0,15,1,1.0,NaN,NaN,2,1,1,1,0,0,1,0,0,0,1,0,1,0,0,0,0,0,1,32,1,0,0,0,0,0,0,8,0,8,0,1,0,0,36,1,0
/Users/danielogenrwot/Documents/Projects/roles-smells-metrics/src/bin/../../data/SourceProjects/Mobile/Omni-Notes-6.0.5/omniNotes/src/main/java/it/feio/android/omninotes/widget/ListRemoteViewsFactory.java,it.feio.android.omninotes.widget.ListRemoteViewsFactory,class,17,19,2,17,20,1,0,34,28,0.7708333,0.25454545,0.38181818,12,1,10,1,0,1,11,0,0,0,8,2,0,8,0,0,2,0,15,95,6,0,2,0,0,17,7,21,6,18,3,0,0,0,74,1,0
/Users/danielogenrwot/Documents/Projects/roles-smells-metrics/src/bin/../../data/SourceProjects/Mobile/Omni-Notes-6.0.5/omniNotes/src/main/java/it/feio/android/omninotes/async/notes/SaveNoteTask.java,it.feio.android.omninotes.async.notes.SaveNoteTask,class,12,15,3,12,15,2,0,21,3,0.5555556,0.6666667,1.0,6,0,2,2,2,0,4,0,0,0,3,0,0,3,0,0,0,0,6,56,3,3,3,0,0,1,2,9,1,6,3,0,0,0,35,1,0
/Users/danielogenrwot/Documents/Projects/roles-smells-metrics/src/bin/../../data/SourceProjects/Mobile/Omni-Notes-6.0.5/omniNotes/src/main/java/it/feio/android/omninotes/SettingsFragment.java,it.feio.android.omninotes.SettingsFragment$Anonymous1,anonymous,1,1,0,1,4,1,0,3,3,0.0,0.0,0.0,3,0,3,0,0,0,3,0,0,0,0,0,0,0,0,0,0,0,0,14,0,0,0,0,0,1,0,0,0,0,1,0,0,0,10,-1,0
/Users/danielogenrwot/Documents/Projects/roles-smells-metrics/src/bin/../../data/SourceProjects/Mobile/Omni-Notes-6.0.5/omniNotes/src/main/java/it/feio/android/omninotes/async/notes/NoteProcessorArchive.java,it.feio.android.omninotes.async.notes.NoteProcessorArchive,class,3,4,1,3,2,2,0,2,0,0.0,1.0,1.0,2,0,1,0,1,0,2,0,0,0,1,0,0,0,0,1,0,0,1,10,0,0,0,0,0,0,0,1,0,1,0,0,0,0,7,1,0
/Users/danielogenrwot/Documents/Projects/roles-smells-metrics/src/bin/../../data/SourceProjects/Mobile/Omni-Notes-6.0.5/omniNotes/src/main/java/it/feio/android/omninotes/utils/ConstantsBase.java,it.feio.android.omninotes.utils.ConstantsBase,interface,0,1,1,0,0,1,0,0,0,NaN,-1.0,-1.0,0,0,0,0,0,0,0,0,0,0,83,0,0,0,0,83,0,0,0,85,0,0,0,0,0,77,9,83,1,83,0,0,0,0,45,1,0
/Users/danielogenrwot/Documents/Projects/roles-smells-metrics/src/bin/../../data/SourceProjects/Mobile/Omni-Notes-6.0.5/omniNotes/src/main/java/it/feio/android/omninotes/widget/SimpleWidgetProvider.java,it.feio.android.omninotes.widget.SimpleWidgetProvider,class,4,4,0,4,2,3,0,3,0,0.0,NaN,NaN,1,0,0,0,1,0,1,0,0,0,0,0,0,0,0,0,0,0,0,16,1,0,0,0,0,0,0,2,0,1,1,0,0,0,13,1,0
/Users/danielogenrwot/Documents/Projects/roles-smells-metrics/src/bin/../../data/SourceProjects/Mobile/Omni-Notes-6.0.5/omniNotes/src/main/java/it/feio/android/omninotes/FontSizeListPreference.java,it.feio.android.omninotes.FontSizeListPreference$Anonymous1,anonymous,6,6,0,6,2,1,0,10,0,0.0,NaN,NaN,1,0,1,0,0,0,1,0,0,0,0,0,0,0,0,0,0,0,0,14,1,0,1,0,1,0,0,5,1,4,1,0,0,0,15,-1,0
/Users/danielogenrwot/Documents/Projects/roles-smells-metrics/src/bin/../../data/SourceProjects/Mobile/Omni-Notes-6.0.5/omniNotes/src/test/java/it/feio/android/omninotes/utils/date/DateHelperTest.java,it.feio.android.omninotes.utils.date.DateHelperTest,class,2,2,0,2,3,1,0,6,0,0.0,NaN,NaN,1,0,1,0,0,0,1,0,0,0,2,0,0,2,0,0,0,0,4,17,0,0,2,0,2,2,16,9,12,9,0,0,0,0,35,1,0
/Users/danielogenrwot/Documents/Projects/roles-smells-metrics/src/bin/../../data/SourceProjects/Mobile/Omni-Notes-6.0.5/omniNotes/src/main/java/it/feio/android/omninotes/async/bus/NotesMergeEvent.java,it.feio.android.omninotes.async.bus.NotesMergeEvent,class,1,4,3,1,1,1,0,3,0,0.0,NaN,NaN,1,0,1,0,0,0,1,0,0,0,1,0,1,0,0,0,1,0,1,7,0,0,0,0,0,0,0,1,0,1,0,0,0,0,5,1,0
/Users/danielogenrwot/Documents/Projects/roles-smells-metrics/src/bin/../../data/SourceProjects/Mobile/Omni-Notes-6.0.5/omniNotes/src/main/java/it/feio/android/omninotes/async/AttachmentTask.java,it.feio.android.omninotes.async.AttachmentTask,class,8,10,2,8,12,2,0,13,0,0.55,0.8333333,1.0,5,0,2,1,2,0,4,0,0,0,4,0,0,4,0,0,1,0,4,36,2,0,5,0,0,1,0,4,0,4,2,0,0,0,24,1,0
/Users/danielogenrwot/Documents/Projects/roles-smells-metrics/src/bin/../../data/SourceProjects/Mobile/Omni-Notes-6.0.5/omniNotes/src/main/java/it/feio/android/omninotes/exceptions/BackupException.java,it.feio.android.omninotes.exceptions.BackupException,class,0,0,0,0,1,4,0,0,0,1.0,NaN,NaN,1,0,1,0,0,0,1,0,0,0,1,1,0,1,0,0,1,0,0,6,0,0,0,0,0,0,1,1,0,1,0,0,0,0,11,1,0
/Users/danielogenrwot/Documents/Projects/roles-smells-metrics/src/bin/../../data/SourceProjects/Mobile/Omni-Notes-6.0.5/omniNotes/src/main/java/it/feio/android/omninotes/models/Tag.java,it.feio.android.omninotes.models.Tag,class,3,8,5,3,6,2,0,8,15,0.8333333,0.0,0.0,6,0,5,1,0,0,5,0,0,0,1,1,1,0,0,0,1,0,0,31,2,0,0,0,0,0,1,1,0,1,0,1,0,0,24,1,0
/Users/danielogenrwot/Documents/Projects/roles-smells-metrics/src/bin/../../data/SourceProjects/Mobile/Omni-Notes-6.0.5/omniNotes/src/main/java/it/feio/android/omninotes/async/UpdaterTask.java,it.feio.android.omninotes.async.UpdaterTask,class,15,16,1,15,27,2,0,46,11,0.71666664,0.8333333,1.0,10,0,1,6,3,0,4,0,0,0,6,1,0,6,0,0,4,0,17,114,4,2,5,3,2,9,9,29,1,24,4,1,0,0,100,1,0
/Users/danielogenrwot/Documents/Projects/roles-smells-metrics/src/bin/../../data/SourceProjects/Mobile/Omni-Notes-6.0.5/omniNotes/src/main/java/it/feio/android/omninotes/SettingsFragment.java,it.feio.android.omninotes.SettingsFragment,class,36,38,2,36,59,2,0,122,37,0.81666666,0.14285715,0.14285715,10,0,7,3,0,0,7,0,0,0,6,3,1,5,0,0,3,0,14,418,22,0,30,1,9,62,12,86,19,137,4,1,0,34,166,1,0
/Users/danielogenrwot/Documents/Projects/roles-smells-metrics/src/bin/../../data/SourceProjects/Mobile/Omni-Notes-6.0.5/omniNotes/src/main/java/it/feio/android/omninotes/ShortcutActivity.java,it.feio.android.omninotes.ShortcutActivity,class,4,4,0,4,1,2,0,7,0,0.0,NaN,NaN,1,0,0,0,1,0,1,0,0,0,0,0,0,0,0,0,0,0,0,14,0,0,0,0,0,0,0,3,0,3,0,0,0,0,16,1,0
/Users/danielogenrwot/Documents/Projects/roles-smells-metrics/src/bin/../../data/SourceProjects/Mobile/Omni-Notes-6.0.5/omniNotes/src/main/java/it/feio/android/omninotes/intro/IntroSlide6.java,it.feio.android.omninotes.intro.IntroSlide6,class,3,4,1,3,1,3,0,10,0,0.0,NaN,NaN,1,0,1,0,0,0,1,0,0,0,0,0,0,0,0,0,0,0,0,17,0,0,0,0,0,1,0,1,0,2,1,0,0,1,14,1,0
/Users/danielogenrwot/Documents/Projects/roles-smells-metrics/src/bin/../../data/SourceProjects/Mobile/Omni-Notes-6.0.5/omniNotes/src/main/java/it/feio/android/omninotes/intro/IntroSlide5.java,it.feio.android.omninotes.intro.IntroSlide5,class,2,3,1,2,1,3,0,5,0,0.0,NaN,NaN,1,0,1,0,0,0,1,0,0,0,0,0,0,0,0,0,0,0,0,9,0,0,0,0,0,1,0,0,0,0,0,0,0,0,10,1,0
/Users/danielogenrwot/Documents/Projects/roles-smells-metrics/src/bin/../../data/SourceProjects/Mobile/Omni-Notes-6.0.5/omniNotes/src/main/java/it/feio/android/omninotes/intro/IntroSlide4.java,it.feio.android.omninotes.intro.IntroSlide4,class,2,3,1,2,1,3,0,5,0,0.0,NaN,NaN,1,0,1,0,0,0,1,0,0,0,0,0,0,0,0,0,0,0,0,9,0,0,0,0,0,1,0,0,0,0,0,0,0,0,10,1,0
/Users/danielogenrwot/Documents/Projects/roles-smells-metrics/src/bin/../../data/SourceProjects/Mobile/Omni-Notes-6.0.5/omniNotes/src/main/java/it/feio/android/omninotes/intro/IntroSlide3.java,it.feio.android.omninotes.intro.IntroSlide3,class,2,3,1,2,1,3,0,5,0,0.0,NaN,NaN,1,0,1,0,0,0,1,0,0,0,0,0,0,0,0,0,0,0,0,9,0,0,0,0,0,1,0,0,0,0,0,0,0,0,10,1,0
/Users/danielogenrwot/Documents/Projects/roles-smells-metrics/src/bin/../../data/SourceProjects/Mobile/Omni-Notes-6.0.5/omniNotes/src/main/java/it/feio/android/omninotes/intro/IntroSlide2.java,it.feio.android.omninotes.intro.IntroSlide2,class,2,3,1,2,1,3,0,5,0,0.0,NaN,NaN,1,0,1,0,0,0,1,0,0,0,0,0,0,0,0,0,0,0,0,9,0,0,0,0,0,1,0,0,0,0,0,0,0,0,10,1,0
/Users/danielogenrwot/Documents/Projects/roles-smells-metrics/src/bin/../../data/SourceProjects/Mobile/Omni-Notes-6.0.5/omniNotes/src/test/java/it/feio/android/omninotes/helpers/NotesHelperTest.java,it.feio.android.omninotes.helpers.NotesHelperTest,class,4,4,0,4,5,2,0,15,6,0.0,0.0,0.0,4,0,4,0,0,0,4,0,0,0,0,0,0,0,0,0,0,0,5,36,0,1,0,0,0,20,9,13,2,13,1,0,0,0,44,1,0
/Users/danielogenrwot/Documents/Projects/roles-smells-metrics/src/bin/../../data/SourceProjects/Mobile/Omni-Notes-6.0.5/omniNotes/src/androidTest/java/it/feio/android/omninotes/BaseEspressoTest.java,it.feio.android.omninotes.BaseEspressoTest,class,11,16,5,11,6,2,4,19,8,0.6,0.1,0.1,5,1,1,0,0,4,5,0,0,0,1,0,1,0,0,0,0,0,4,39,1,0,0,0,0,2,4,4,0,4,1,1,0,0,43,1,0
/Users/danielogenrwot/Documents/Projects/roles-smells-metrics/src/bin/../../data/SourceProjects/Mobile/Omni-Notes-6.0.5/omniNotes/src/main/java/it/feio/android/omninotes/utils/Fonts.java,it.feio.android.omninotes.utils.Fonts,class,7,15,8,7,6,1,0,14,0,0.0,NaN,NaN,1,1,1,0,0,0,1,0,0,0,0,0,0,0,0,0,0,0,3,23,0,1,1,1,2,3,3,7,1,7,3,0,0,0,34,1,0
/Users/danielogenrwot/Documents/Projects/roles-smells-metrics/src/bin/../../data/SourceProjects/Mobile/Omni-Notes-6.0.5/omniNotes/src/main/java/it/feio/android/omninotes/async/upgrade/UpgradeProcessor.java,it.feio.android.omninotes.async.upgrade.UpgradeProcessor,class,8,10,2,8,27,1,0,44,28,0.875,NaN,NaN,8,2,1,7,0,0,1,0,0,0,2,2,0,2,0,0,1,0,16,97,2,6,2,1,1,14,1,14,4,14,4,0,0,0,110,1,0
/Users/danielogenrwot/Documents/Projects/roles-smells-metrics/src/bin/../../data/SourceProjects/Mobile/Omni-Notes-6.0.5/omniNotes/src/androidTest/java/it/feio/android/omninotes/BaseEspressoTest.java,it.feio.android.omninotes.BaseEspressoTest$Anonymous1,anonymous,4,4,0,4,2,1,0,6,1,0.0,0.0,0.0,2,0,2,0,0,0,2,0,0,0,0,0,0,0,0,0,0,0,0,10,1,0,0,0,1,2,0,1,1,1,0,0,0,0,14,-1,0
/Users/danielogenrwot/Documents/Projects/roles-smells-metrics/src/bin/../../data/SourceProjects/Mobile/Omni-Notes-6.0.5/omniNotes/src/main/java/it/feio/android/omninotes/utils/ColorsUtil.java,it.feio.android.omninotes.utils.ColorsUtil,class,1,2,1,1,3,1,0,4,1,0.5,0.0,0.0,2,2,2,0,0,0,2,0,0,0,3,3,2,1,0,0,2,0,1,12,2,0,0,0,0,0,6,4,5,4,0,0,0,0,24,1,0
/Users/danielogenrwot/Documents/Projects/roles-smells-metrics/src/bin/../../data/SourceProjects/Mobile/Omni-Notes-6.0.5/omniNotes/src/main/java/it/feio/android/omninotes/utils/AnimationsHelper.java,it.feio.android.omninotes.utils.AnimationsHelper,class,11,12,1,11,5,1,0,18,3,0.0,0.0,0.0,3,2,2,1,0,0,2,0,0,0,0,0,0,0,0,0,0,0,0,61,0,0,0,0,2,0,13,18,10,12,1,1,0,0,38,1,0
/Users/danielogenrwot/Documents/Projects/roles-smells-metrics/src/bin/../../data/SourceProjects/Mobile/Omni-Notes-6.0.5/omniNotes/src/main/java/it/feio/android/omninotes/utils/FileProviderHelper.java,it.feio.android.omninotes.utils.FileProviderHelper,class,5,9,4,5,3,1,0,7,1,0.0,0.0,0.0,2,2,2,0,0,0,2,0,0,0,0,0,0,0,0,0,0,0,3,14,3,0,0,0,0,1,0,1,1,1,1,0,0,0,26,1,0
/Users/danielogenrwot/Documents/Projects/roles-smells-metrics/src/bin/../../data/SourceProjects/Mobile/Omni-Notes-6.0.5/omniNotes/src/main/java/it/feio/android/omninotes/models/views/VerticalSeekBar.java,it.feio.android.omninotes.models.views.VerticalSeekBar,class,7,8,1,7,19,2,0,22,28,0.7555555,0.11111111,0.16666667,9,0,6,0,3,0,9,0,0,3,2,0,0,0,2,0,0,0,0,76,2,0,4,0,1,0,6,6,3,6,2,0,0,0,48,1,0
/Users/danielogenrwot/Documents/Projects/roles-smells-metrics/src/bin/../../data/SourceProjects/Mobile/Omni-Notes-6.0.5/omniNotes/src/main/java/it/feio/android/omninotes/GalleryActivity.java,it.feio.android.omninotes.GalleryActivity$Anonymous1,anonymous,5,5,0,5,11,1,0,12,1,0.5,NaN,NaN,2,0,1,1,0,0,1,0,0,0,4,0,0,2,0,2,1,0,4,34,0,0,3,0,3,1,1,11,6,8,2,0,0,0,36,-1,0
/Users/danielogenrwot/Documents/Projects/roles-smells-metrics/src/bin/../../data/SourceProjects/Mobile/Omni-Notes-6.0.5/omniNotes/src/main/java/it/feio/android/omninotes/GalleryActivity.java,it.feio.android.omninotes.GalleryActivity$Anonymous2,anonymous,0,0,0,0,3,1,0,3,3,0.0,0.0,0.0,3,0,3,0,0,0,3,0,0,0,0,0,0,0,0,0,0,0,0,9,0,0,0,0,1,3,1,0,2,0,0,0,0,0,13,-1,0
/Users/danielogenrwot/Documents/Projects/roles-smells-metrics/src/bin/../../data/SourceProjects/Mobile/Omni-Notes-6.0.5/omniNotes/src/main/java/it/feio/android/omninotes/utils/date/TimePickerFragment.java,it.feio.android.omninotes.utils.date.TimePickerFragment,class,8,9,1,8,4,2,0,9,0,0.3,1.0,1.0,2,0,2,0,0,0,2,0,0,0,5,1,1,3,0,1,1,0,2,29,1,0,0,1,0,3,0,10,1,10,1,0,0,0,50,1,0
/Users/danielogenrwot/Documents/Projects/roles-smells-metrics/src/bin/../../data/SourceProjects/Mobile/Omni-Notes-6.0.5/omniNotes/src/androidTest/java/it/feio/android/omninotes/RemindersLifecycleTest.java,it.feio.android.omninotes.RemindersLifecycleTest$Anonymous1,anonymous,4,4,0,4,2,1,0,6,1,0.0,0.0,0.0,2,0,2,0,0,0,2,0,0,0,0,0,0,0,0,0,0,0,0,10,1,0,0,0,1,2,0,1,1,1,0,0,0,0,14,-1,0
/Users/danielogenrwot/Documents/Projects/roles-smells-metrics/src/bin/../../data/SourceProjects/Mobile/Omni-Notes-6.0.5/omniNotes/src/main/java/it/feio/android/omninotes/helpers/SpringImportHelper.java,it.feio.android.omninotes.helpers.SpringImportHelper,class,16,18,2,16,45,1,0,97,0,0.46666664,1.0,1.0,3,0,2,1,0,0,2,0,0,1,4,2,2,2,0,0,3,0,36,188,2,5,9,6,0,61,7,32,9,26,3,0,0,1,99,1,0
/Users/danielogenrwot/Documents/Projects/roles-smells-metrics/src/bin/../../data/SourceProjects/Mobile/Omni-Notes-6.0.5/omniNotes/src/main/java/it/feio/android/omninotes/models/ONStyle.java,it.feio.android.omninotes.models.ONStyle,class,2,2,0,2,1,1,0,9,0,NaN,NaN,NaN,0,0,0,0,0,0,1,0,0,0,13,13,13,0,0,0,13,0,0,22,0,0,0,0,0,0,4,13,0,13,0,0,0,0,20,1,0
/Users/danielogenrwot/Documents/Projects/roles-smells-metrics/src/bin/../../data/SourceProjects/Mobile/Omni-Notes-6.0.5/omniNotes/src/main/java/it/feio/android/omninotes/widget/ListWidgetProvider.java,it.feio.android.omninotes.widget.ListWidgetProvider,class,8,9,1,8,3,3,0,11,0,0.0,NaN,NaN,1,0,0,0,1,0,1,0,0,0,0,0,0,0,0,0,0,0,0,30,1,0,0,0,0,0,1,6,0,4,1,0,0,0,21,1,0
/Users/danielogenrwot/Documents/Projects/roles-smells-metrics/src/bin/../../data/SourceProjects/Mobile/Omni-Notes-6.0.5/omniNotes/src/main/java/it/feio/android/omninotes/models/Tag.java,it.feio.android.omninotes.models.Tag$Anonymous1,anonymous,1,1,0,1,2,1,0,0,1,0.0,0.0,0.0,2,0,2,0,0,0,2,0,0,0,0,0,0,0,0,0,0,0,0,8,2,0,0,0,0,0,0,0,0,0,0,0,0,0,8,-1,0
/Users/danielogenrwot/Documents/Projects/roles-smells-metrics/src/bin/../../data/SourceProjects/Mobile/Omni-Notes-6.0.5/omniNotes/src/main/java/it/feio/android/omninotes/utils/GeocodeHelper.java,it.feio.android.omninotes.utils.GeocodeHelper$Anonymous1,anonymous,2,2,0,2,3,1,0,3,3,0.0,0.0,0.0,3,0,3,0,0,0,3,0,0,0,0,0,0,0,0,0,0,0,0,12,0,0,0,0,0,0,0,0,0,0,0,0,0,0,9,-1,0
/Users/danielogenrwot/Documents/Projects/roles-smells-metrics/src/bin/../../data/SourceProjects/Mobile/Omni-Notes-6.0.5/omniNotes/src/main/java/it/feio/android/omninotes/utils/PasswordHelper.java,it.feio.android.omninotes.utils.PasswordHelper,class,11,16,5,11,7,1,0,52,3,0.0,0.0,0.0,3,3,3,0,0,0,3,0,0,0,0,0,0,0,0,0,0,0,2,80,4,0,2,0,0,4,2,13,0,27,2,0,0,10,34,1,0
/Users/danielogenrwot/Documents/Projects/roles-smells-metrics/src/bin/../../data/SourceProjects/Mobile/Omni-Notes-6.0.5/omniNotes/src/main/java/it/feio/android/omninotes/SnoozeActivity.java,it.feio.android.omninotes.SnoozeActivity,class,19,22,3,19,23,2,0,44,9,0.6818182,0.4,0.4,11,3,5,5,1,0,6,0,0,0,4,0,0,4,0,0,0,0,18,106,0,2,3,0,0,2,4,12,2,12,2,0,0,0,62,1,0
/Users/danielogenrwot/Documents/Projects/roles-smells-metrics/src/bin/../../data/SourceProjects/Mobile/Omni-Notes-6.0.5/omniNotes/src/main/java/it/feio/android/omninotes/receiver/AlarmReceiver.java,it.feio.android.omninotes.receiver.AlarmReceiver,class,20,22,2,20,13,2,0,46,15,0.0,NaN,NaN,6,0,1,5,0,0,1,0,0,0,0,0,0,0,0,0,0,0,11,67,1,0,1,1,0,6,6,17,2,17,1,0,0,0,52,1,0
/Users/danielogenrwot/Documents/Projects/roles-smells-metrics/src/bin/../../data/SourceProjects/Mobile/Omni-Notes-6.0.5/omniNotes/src/main/java/it/feio/android/omninotes/OmniNotes.java,it.feio.android.omninotes.OmniNotes,class,14,56,42,14,15,2,0,23,28,0.77777785,0.14285715,0.14285715,9,3,6,2,1,0,7,0,0,0,3,2,0,2,0,1,0,0,5,59,7,0,1,1,0,5,0,7,0,6,2,0,0,0,67,1,0
/Users/danielogenrwot/Documents/Projects/roles-smells-metrics/src/bin/../../data/SourceProjects/Mobile/Omni-Notes-6.0.5/omniNotes/src/androidTest/java/it/feio/android/omninotes/db/DbHelperTest.java,it.feio.android.omninotes.db.DbHelperTest,class,6,6,0,6,2,2,0,7,1,0.0,0.0,0.0,2,0,2,0,0,0,2,0,0,0,0,0,0,0,0,0,0,0,0,34,0,0,0,0,0,16,4,6,0,6,0,0,0,0,28,1,0
/Users/danielogenrwot/Documents/Projects/roles-smells-metrics/src/bin/../../data/SourceProjects/Mobile/Omni-Notes-6.0.5/omniNotes/src/main/java/it/feio/android/omninotes/CategoryActivity.java,it.feio.android.omninotes.CategoryActivity$Anonymous1,anonymous,8,8,0,8,2,1,0,18,0,0.0,NaN,NaN,1,0,1,0,0,0,1,0,0,0,0,0,0,0,0,0,0,0,4,16,0,0,0,0,0,0,1,4,0,4,1,0,0,0,33,-1,0
/Users/danielogenrwot/Documents/Projects/roles-smells-metrics/src/bin/../../data/SourceProjects/Mobile/Omni-Notes-6.0.5/omniNotes/src/main/java/it/feio/android/omninotes/async/notes/NoteProcessor.java,it.feio.android.omninotes.async.notes.NoteProcessor$NotesProcessorTask,innerclass,3,3,0,3,3,2,0,2,1,0.0,0.0,0.0,2,0,0,0,2,0,2,0,0,0,0,0,0,0,0,0,0,0,0,12,1,1,0,0,0,0,1,1,0,1,1,0,0,0,16,0,0
/Users/danielogenrwot/Documents/Projects/roles-smells-metrics/src/bin/../../data/SourceProjects/Mobile/Omni-Notes-6.0.5/omniNotes/src/main/java/it/feio/android/omninotes/utils/date/DateUtils.java,it.feio.android.omninotes.utils.date.DateUtils,class,5,17,12,5,35,1,0,26,136,0.0,0.0,0.0,17,16,16,1,0,0,16,0,0,0,0,0,0,0,0,0,0,0,26,129,18,0,11,4,0,10,5,29,5,24,2,0,0,0,91,1,0
/Users/danielogenrwot/Documents/Projects/roles-smells-metrics/src/bin/../../data/SourceProjects/Mobile/Omni-Notes-6.0.5/omniNotes/src/main/java/it/feio/android/omninotes/async/bus/CategoriesUpdatedEvent.java,it.feio.android.omninotes.async.bus.CategoriesUpdatedEvent,class,0,3,3,0,0,1,0,0,0,0.0,-1.0,-1.0,0,0,0,0,0,0,0,0,0,0,0,0,0,0,0,0,0,0,0,2,0,0,0,0,0,0,0,0,0,0,0,0,0,0,7,1,0
/Users/danielogenrwot/Documents/Projects/roles-smells-metrics/src/bin/../../data/SourceProjects/Mobile/Omni-Notes-6.0.5/omniNotes/src/androidTest/java/it/feio/android/omninotes/utils/ParcelableUtilTest.java,it.feio.android.omninotes.utils.ParcelableUtilTest,class,9,9,0,9,3,2,0,6,0,0.0,1.0,1.0,3,0,3,0,0,0,3,0,0,0,2,0,0,1,0,1,0,0,4,15,0,0,0,0,0,1,0,2,0,2,0,0,0,0,17,1,0
/Users/danielogenrwot/Documents/Projects/roles-smells-metrics/src/bin/../../data/SourceProjects/Mobile/Omni-Notes-6.0.5/omniNotes/src/androidTest/java/it/feio/android/omninotes/AutoBackupTest.java,it.feio.android.omninotes.AutoBackupTest,class,15,16,1,15,13,3,0,47,36,0.0,0.0,0.0,9,0,5,4,0,0,5,0,0,0,0,0,0,0,0,0,0,0,34,79,1,1,1,0,0,16,33,6,0,6,1,0,0,0,72,1,0
/Users/danielogenrwot/Documents/Projects/roles-smells-metrics/src/bin/../../data/SourceProjects/Mobile/Omni-Notes-6.0.5/omniNotes/src/main/java/it/feio/android/omninotes/async/AlarmRestoreOnRebootService.java,it.feio.android.omninotes.async.AlarmRestoreOnRebootService,class,11,14,3,11,3,2,0,10,1,0.5,0.0,0.0,2,1,1,0,1,0,2,0,0,0,1,1,1,0,0,0,1,0,7,16,0,1,0,0,0,3,1,3,1,3,1,0,0,0,29,1,0
/Users/danielogenrwot/Documents/Projects/roles-smells-metrics/src/bin/../../data/SourceProjects/Mobile/Omni-Notes-6.0.5/omniNotes/src/main/java/it/feio/android/omninotes/models/Attachment.java,it.feio.android.omninotes.models.Attachment,class,5,33,28,5,10,2,0,20,8,0.625,0.47619048,0.47619048,8,0,7,1,0,0,7,0,0,0,2,1,1,1,0,0,1,0,1,43,2,0,2,0,0,1,3,3,0,2,0,1,0,0,27,1,0
/Users/danielogenrwot/Documents/Projects/roles-smells-metrics/src/bin/../../data/SourceProjects/Mobile/Omni-Notes-6.0.5/omniNotes/src/main/java/it/feio/android/omninotes/SettingsActivity.java,it.feio.android.omninotes.SettingsActivity,class,16,18,2,16,9,2,0,41,26,0.8333333,0.04761905,0.04761905,8,0,4,1,1,2,7,0,0,0,3,0,0,1,0,2,0,0,0,53,0,0,0,0,1,1,1,4,1,9,1,0,0,2,61,1,0
/Users/danielogenrwot/Documents/Projects/roles-smells-metrics/src/bin/../../data/SourceProjects/Mobile/Omni-Notes-6.0.5/omniNotes/src/main/java/it/feio/android/omninotes/widget/WidgetProvider.java,it.feio.android.omninotes.widget.WidgetProvider,class,13,16,3,13,7,2,2,13,6,1.0,0.0,0.0,4,0,2,1,1,0,3,1,0,0,3,3,3,0,0,0,3,0,2,44,0,1,0,0,0,5,2,18,1,16,1,0,0,0,57,1025,0
/Users/danielogenrwot/Documents/Projects/roles-smells-metrics/src/bin/../../data/SourceProjects/Mobile/Omni-Notes-6.0.5/omniNotes/src/main/java/it/feio/android/omninotes/async/notes/NoteProcessorTrash.java,it.feio.android.omninotes.async.notes.NoteProcessorTrash,class,6,7,1,6,3,2,0,6,0,0.0,1.0,1.0,2,0,1,0,1,0,2,0,0,0,1,0,0,0,0,1,0,0,7,17,0,0,0,0,0,0,0,1,0,1,1,0,0,0,7,1,0
/Users/danielogenrwot/Documents/Projects/roles-smells-metrics/src/bin/../../data/SourceProjects/Mobile/Omni-Notes-6.0.5/omniNotes/src/main/java/it/feio/android/omninotes/DetailFragment.java,it.feio.android.omninotes.DetailFragment$OnGeoUtilResultListenerImpl$Anonymous7,anonymous,1,1,0,1,4,1,0,4,3,0.0,0.0,0.0,3,0,3,0,0,0,3,0,0,0,0,0,0,0,0,0,0,0,0,14,0,0,1,0,0,0,1,0,0,0,1,0,0,0,10,-1,0
/Users/danielogenrwot/Documents/Projects/roles-smells-metrics/src/bin/../../data/SourceProjects/Mobile/Omni-Notes-6.0.5/omniNotes/src/main/java/it/feio/android/omninotes/DetailFragment.java,it.feio.android.omninotes.DetailFragment$OnGeoUtilResultListenerImpl$Anonymous6,anonymous,4,4,0,4,2,1,0,11,0,0.0,NaN,NaN,1,0,1,0,0,0,1,0,0,0,0,0,0,0,0,0,0,0,2,12,0,0,0,0,0,0,0,0,0,0,1,0,0,0,6,-1,0
/Users/danielogenrwot/Documents/Projects/roles-smells-metrics/src/bin/../../data/SourceProjects/Mobile/Omni-Notes-6.0.5/omniNotes/src/main/java/it/feio/android/omninotes/db/DbHelper.java,it.feio.android.omninotes.db.DbHelper,class,23,54,31,23,150,2,0,170,908,0.9245194,0.14367346,0.45877552,52,4,49,2,0,1,50,0,0,3,40,37,30,10,0,0,38,0,46,603,54,14,27,10,15,261,48,152,56,140,4,0,0,4,276,1,0
/Users/danielogenrwot/Documents/Projects/roles-smells-metrics/src/bin/../../data/SourceProjects/Mobile/Omni-Notes-6.0.5/omniNotes/src/main/java/it/feio/android/omninotes/helpers/NotesHelper.java,it.feio.android.omninotes.helpers.NotesHelper,class,9,15,6,9,30,1,0,62,21,0.0,0.0,0.0,7,7,7,0,0,0,7,0,0,0,0,0,0,0,0,0,0,0,15,112,6,3,4,0,1,6,10,25,1,19,2,0,0,0,59,1,0
/Users/danielogenrwot/Documents/Projects/roles-smells-metrics/src/bin/../../data/SourceProjects/Mobile/Omni-Notes-6.0.5/omniNotes/src/main/java/it/feio/android/omninotes/CategoryActivity.java,it.feio.android.omninotes.CategoryActivity,class,18,21,3,18,22,2,0,58,14,0.7619048,0.33333334,0.47619048,9,0,6,2,1,0,7,0,0,0,7,0,0,1,0,6,0,0,9,113,2,0,8,1,1,4,4,13,1,15,2,1,0,0,82,1,0
/Users/danielogenrwot/Documents/Projects/roles-smells-metrics/src/bin/../../data/SourceProjects/Mobile/Omni-Notes-6.0.5/omniNotes/src/main/java/it/feio/android/omninotes/async/bus/NavigationUpdatedNavDrawerClosedEvent.java,it.feio.android.omninotes.async.bus.NavigationUpdatedNavDrawerClosedEvent,class,1,2,1,1,1,1,0,3,0,0.0,NaN,NaN,1,0,1,0,0,0,1,0,0,0,1,0,1,0,0,0,1,0,1,7,0,0,0,0,0,0,0,1,0,1,0,0,0,0,9,1,0
/Users/danielogenrwot/Documents/Projects/roles-smells-metrics/src/bin/../../data/SourceProjects/Mobile/Omni-Notes-6.0.5/omniNotes/src/main/java/it/feio/android/omninotes/db/SqlParser.java,it.feio.android.omninotes.db.SqlParser,class,3,5,2,3,22,1,0,19,6,0.0,0.0,0.0,4,4,2,2,0,0,2,0,0,0,0,0,0,0,0,0,0,0,3,87,4,2,4,3,1,13,3,21,0,13,6,0,0,0,38,1,0
/Users/danielogenrwot/Documents/Projects/roles-smells-metrics/src/bin/../../data/SourceProjects/Mobile/Omni-Notes-6.0.5/omniNotes/src/main/java/it/feio/android/omninotes/utils/notifications/NotificationChannels.java,it.feio.android.omninotes.utils.notifications.NotificationChannels$NotificationChannelNames,enum,0,0,0,0,0,1,0,0,0,0.0,-1.0,-1.0,0,0,0,0,0,0,0,0,0,0,0,0,0,0,0,0,0,0,0,1,0,0,0,0,0,0,0,0,0,0,0,0,0,0,5,1,0
/Users/danielogenrwot/Documents/Projects/roles-smells-metrics/src/bin/../../data/SourceProjects/Mobile/Omni-Notes-6.0.5/omniNotes/src/main/java/it/feio/android/omninotes/utils/Navigation.java,it.feio.android.omninotes.utils.Navigation,class,4,10,6,4,15,1,0,13,13,0.8055556,0.06666667,0.06666667,6,6,6,0,0,0,6,0,0,0,6,6,6,0,0,0,6,0,11,64,12,1,3,0,1,2,8,17,0,16,2,0,0,0,57,1,0
/Users/danielogenrwot/Documents/Projects/roles-smells-metrics/src/bin/../../data/SourceProjects/Mobile/Omni-Notes-6.0.5/omniNotes/src/main/java/it/feio/android/omninotes/exceptions/NotesLoadingException.java,it.feio.android.omninotes.exceptions.NotesLoadingException,class,0,1,1,0,1,4,0,0,0,1.0,NaN,NaN,1,0,1,0,0,0,1,0,0,0,1,1,0,1,0,0,1,0,0,6,0,0,0,0,0,0,1,1,0,1,0,0,0,0,12,1,0
